Name,Age,Party,Constituency,Designation,Portfolios,Rank_Order,AC_Name_Match
C. Joseph Vijay,52,TVK,Perambur,Chief Minister,General Administration; Home; Police; Public Service Commissions; Special Programme Implementation; Poverty Alleviation & Rural Indebtedness; Youth Welfare; Welfare of Differently Abled; Municipal Administration; Urban & Water Supply,1,PERAMBUR
N. Anand,62,TVK,T Nagar,Minister for Rural Development & Water Resources,Rural Development; Panchayats & Panchayat Union; Irrigation; Irrigation Projects including Small Irrigation,2,THIYAGARAYANAGAR
Aadhav Arjuna,43,TVK,Villivakkam,Minister for Public Works & Sports Development,"Public Works (PWD); Buildings, Highways & Ports; Sports Development",3,VILLIVAKKAM
K. G. Arunraj,46,TVK,Tiruchengodu,Minister for Health & Family Welfare,Health; Medical Education; Family Welfare,4,TIRUCHENGODU
K. A. Sengottaiyan,78,TVK,Gobichettipalayam,Minister for Revenue & Disaster Management,Revenue; District Revenue Establishment; Deputy Collectors; Disaster Management; Boodhan & Gramadhan; Legislative Assembly,5,GOBICHETTIPALAYAM
P. Venkataramanan,48,TVK,Mylapore,Minister for Food & Consumer Protection,Food & Civil Supplies; Consumer Protection; Price Control,6,MYLAPORE
C. T. R. Nirmal Kumar,44,TVK,Thiruparankundram,Minister for Energy Resources & Law,"Electricity & Non-Conventional Energy Development; Law, Courts & Prisons; Prevention of Corruption; Governor, Elections & Passports",7,THIRUPARANKUNDRAM
Rajmohan Arumugam,39,TVK,Egmore,Minister for School Education & Tamil Development,School Education; Tamil Development & Culture; Information & Publicity; Archaeology; Film Technology,8,EGMORE
T. K. Prabhu,41,TVK,Karaikudi,Minister for Natural Resources,Natural Resources; Minerals & Mines,9,KARAIKUDI
S. Keerthana,30,TVK,Sivakasi,Minister for Industries & Investment Promotion,Industries; Investment Promotion,10,SIVAKASI
P. Viswanathan,61,INC,Melur,Minister for Higher Education,Higher Education; Technical Education; Electronics; Science & Technology,11,MELUR
Rajesh Kumar. S,51,INC,Killiyoor,Minister for Tourism,Tourism; Tourism Development Corporation,12,KILLIYOOR
A.M. Shahjahan,57,IUML,Papanasam,Minister for Minorities Welfare,Minorities Welfare; Wakf Board,13,PAPANASAM
Vanni Arasu,55,VCK,Tindivanam,Minister for Social Justice,Adi Dravidar Welfare; Hill Tribes,14,TINDIVANAM
Vijay Tamilan Parthiban. A,50,TVK,Salem South,Minister for Transport,Motor Vehicle Acts - Administration; Transport & Nationalised Transport; Motor Vehicles Act,15,SALEM (SOUTH)
B. Rajkumar,46,TVK,Cuddalore,Minister for Housing & Urban Development,Housing & Rural Housing; Town Planning Projects & Housing Development; Accommodation Control; CMDA; Tamil Nadu Urban Habitat Development Board; Urban Planning & Urban Development,16,CUDDALORE
V. Sampath Kumar,47,TVK,Coimbatore North,Minister for Backward Classes Welfare,Backward Classes Welfare; Most Backward Classes Welfare; De-notified Communities Welfare,17,COIMBATORE (NORTH)
M. Vijay Balaji,39,TVK,Erode East,Minister for Handlooms Textiles & Khadi,Handlooms & Textiles; Khadi & Village Industries Board,18,ERODE (EAST)
Vignesh K,38,TVK,Kinathukadavu,Minister for Prohibition & Excise,Prohibition & Excise,19,KINATHUKADAVU
Thennarasu. K,36,TVK,Sriperumbudur,Minister for Non-Resident Tamils Welfare,Non-Resident Tamils Welfare; Refugees & Evacuees,20,SRIPERUMBUDUR
Mohamed Farvas. J,31,TVK,Aranthangi,Minister for Labour Welfare & Skill Development,Labour Welfare; Population Employment & Training; Census; Weights & Measures; Urban & Rural Employment; Bonded Labour Welfare,21,ARANTHANGI
V. Gandhiraj,52,TVK,Arakkonam,Minister for Co-operation,Co-operation,22,ARAKKONAM
Jegadeshwari. K,40,TVK,Rajapalayam,Minister for Social Welfare & Women Empowerment,Social Welfare including Women Welfare; Orphanages & Correctional Administration; Beggar Homes; Social Reforms & Nutritious Meal Programme,23,RAJAPALAYAM
Vinoth,32,TVK,Kumbakonam,Minister for Agriculture - Farmers Welfare,Agriculture; Agricultural Engineering; Agro Service Co-operatives; Horticulture; Sugar; Sugarcane Excise; Sugarcane Development; Waste Land Development,24,KUMBAKONAM
C. Vijayalakshmi,50,TVK,Kumarapalayam,Minister for Milk & Dairy Development,Milk & Dairy Development,25,KUMARAPALAYAM
D. Sarathkumar,34,TVK,Tambaram,Minister for Human Resources Management,Human Resources Management; Ex-Servicemen Welfare,26,TAMBARAM
Ramesh,31,TVK,Srirangam,Minister for Hindu Religious & Charitable Endowments,Hindu Religious & Charitable Endowments,27,SRIRANGAM
Mathan Raja. P,41,TVK,Ottapidaram,Minister for Micro Small & Medium Enterprises,Rural Industries including Cottage Industries; Small Industries,28,OTTAPIDARAM
N. Marie Wilson,46,TVK,Dr. Radhakrishnan Nagar,Minister for Finance Planning & Development,Finance; Pensions & Pensionary Benefits; Planning & Development,29,DR.RADHAKRISHNAN NAGAR
Srinath,52,TVK,Thoothukudi,Minister for Fisheries - Fishermen Welfare,Fisheries; Fisheries Development Corporation,30,THOOTHUKKUDI
Kamali. S,28,TVK,Avinashi,Minister for Animal Husbandry,Animal Husbandry,31,AVANASHI
Kumar. R,60,TVK,Velachery,"Minister for Artificial Intelligence, IT & Digital Services",Artificial Intelligence; Information Technology; Digital Services,32,VELACHERY
R.V. Ranjithkumar,50,TVK,Kancheepuram,Minister for Forests,Forests,33,KANCHEEPURAM
Logesh Tamilselvan D,42,TVK,Rasipuram,Minister for Commercial Taxes & Registration,Commercial Taxes; Registration & Stamp Act; Debt Relief including Legislation on Money Lending; Chits; Registration of Companies,34,RASIPURAM
Rajeev,33,TVK,Thiruvadanai,Minister for Environment & Climate Change,Environment; Pollution Control Board; Climate Change,35,TIRUVADANAI
