AC_No,AC_Name,Winner_Party_2026_FullName,Alliance,Winner_ShortCode_2026,AC_Name_2021,Winner_Party_2021,Winner_Votes_2021,Winner_ShortCode_2021,Seat_Flipped
1,GUMMIDIPOONDI,Tamilaga Vettri Kazhagam,Solo,TVK,Gummidipoondi,DMK,126452.0,DMK,True
2,PONNERI,Tamilaga Vettri Kazhagam,Solo,TVK,Ponneri,INC,94528.0,INC,True
3,TIRUTTANI,All India Anna Dravida Munnetra Kazhagam,NDA,AIADMK,Tiruttani,DMK,120314.0,DMK,True
4,THIRUVALLUR,Tamilaga Vettri Kazhagam,Solo,TVK,Thiruvallur,DMK,107709.0,DMK,True
5,POONAMALLEE,Tamilaga Vettri Kazhagam,Solo,TVK,Poonamallee,DMK,149578.0,DMK,True
6,AVADI,Tamilaga Vettri Kazhagam,Solo,TVK,Avadi,DMK,150287.0,DMK,True
7,MADURAVOYAL,Tamilaga Vettri Kazhagam,Solo,TVK,Maduravoyal,DMK,121298.0,DMK,True
8,AMBATTUR,Tamilaga Vettri Kazhagam,Solo,TVK,Ambattur,DMK,114554.0,DMK,True
9,MADAVARAM,Tamilaga Vettri Kazhagam,Solo,TVK,Madavaram,DMK,151485.0,DMK,True
10,THIRUVOTTIYUR,Tamilaga Vettri Kazhagam,Solo,TVK,Thiruvottiyur,DMK,88185.0,DMK,True
11,DR.RADHAKRISHNAN NAGAR,Tamilaga Vettri Kazhagam,Solo,TVK,Dr.Radhakrishnan Nagar,DMK,95763.0,DMK,True
12,PERAMBUR,Tamilaga Vettri Kazhagam,Solo,TVK,Perambur,DMK,105267.0,DMK,True
13,KOLATHUR,Tamilaga Vettri Kazhagam,Solo,TVK,Kolathur,DMK,105522.0,DMK,True
14,VILLIVAKKAM,Tamilaga Vettri Kazhagam,Solo,TVK,Villivakkam,DMK,76127.0,DMK,True
15,THIRU-VI-KA-NAGAR,Tamilaga Vettri Kazhagam,Solo,TVK,Thiru-Vi-Ka-Nagar,DMK,81727.0,DMK,True
16,EGMORE,Tamilaga Vettri Kazhagam,Solo,TVK,Egmore,DMK,68832.0,DMK,True
17,ROYAPURAM,Tamilaga Vettri Kazhagam,Solo,TVK,Royapuram,DMK,64424.0,DMK,True
18,HARBOUR,Dravida Munnetra Kazhagam,INDIA/SPA,DMK,Harbour,DMK,59317.0,DMK,False
19,CHEPAUK-THIRUVALLIKENI,Dravida Munnetra Kazhagam,INDIA/SPA,DMK,Chepauk-Thiruvallikeni,DMK,93285.0,DMK,False
20,THOUSAND LIGHTS,Tamilaga Vettri Kazhagam,Solo,TVK,Thousand Lights,DMK,71867.0,DMK,True
21,ANNA NAGAR,Tamilaga Vettri Kazhagam,Solo,TVK,Anna Nagar,DMK,80054.0,DMK,True
22,VIRUGAMPAKKAM,Tamilaga Vettri Kazhagam,Solo,TVK,Virugampakkam,DMK,74351.0,DMK,True
23,SAIDAPET,Tamilaga Vettri Kazhagam,Solo,TVK,Saidapet,DMK,80194.0,DMK,True
24,THIYAGARAYANAGAR,Tamilaga Vettri Kazhagam,Solo,TVK,Thiyagarayanagar,DMK,56035.0,DMK,True
25,MYLAPORE,Tamilaga Vettri Kazhagam,Solo,TVK,Mylapore,DMK,68392.0,DMK,True
26,VELACHERY,Tamilaga Vettri Kazhagam,Solo,TVK,Velachery,INC,68493.0,INC,True
27,SHOZHINGANALLUR,Tamilaga Vettri Kazhagam,Solo,TVK,Shozhinganallur,DMK,171558.0,DMK,True
28,ALANDUR,Tamilaga Vettri Kazhagam,Solo,TVK,Alandur,DMK,116785.0,DMK,True
29,SRIPERUMBUDUR,Tamilaga Vettri Kazhagam,Solo,TVK,Sriperumbudur,INC,115353.0,INC,True
30,PALLAVARAM,Tamilaga Vettri Kazhagam,Solo,TVK,Pallavaram,DMK,126427.0,DMK,True
31,TAMBARAM,Tamilaga Vettri Kazhagam,Solo,TVK,Tambaram,DMK,116840.0,DMK,True
32,CHENGALPATTU,Tamilaga Vettri Kazhagam,Solo,TVK,Chengalpattu,DMK,130573.0,DMK,True
33,THIRUPORUR,Tamilaga Vettri Kazhagam,Solo,TVK,Thiruporur,VCK,93954.0,VCK,True
34,CHEYYUR,All India Anna Dravida Munnetra Kazhagam,NDA,AIADMK,Cheyyur,VCK,82750.0,VCK,True
35,MADURANTAKAM,All India Anna Dravida Munnetra Kazhagam,NDA,AIADMK,Madurantakam,ADMK,86646.0,AIADMK,False
36,UTHIRAMERUR,Tamilaga Vettri Kazhagam,Solo,TVK,Uthiramerur,DMK,93427.0,DMK,True
37,KANCHEEPURAM,Tamilaga Vettri Kazhagam,Solo,TVK,Kancheepuram,DMK,102712.0,DMK,True
38,ARAKKONAM,Tamilaga Vettri Kazhagam,Solo,TVK,Arakkonam,ADMK,85399.0,AIADMK,True
39,SHOLINGUR,Tamilaga Vettri Kazhagam,Solo,TVK,Sholinghur,INC,110228.0,INC,True
40,KATPADI,Tamilaga Vettri Kazhagam,Solo,TVK,Katpadi,DMK,85140.0,DMK,True
41,RANIPET,Tamilaga Vettri Kazhagam,Solo,TVK,Ranipet,DMK,103291.0,DMK,True
42,ARCOT,All India Anna Dravida Munnetra Kazhagam,NDA,AIADMK,Arcot,DMK,103885.0,DMK,True
43,VELLORE,Tamilaga Vettri Kazhagam,Solo,TVK,Vellore,DMK,84299.0,DMK,True
44,ANAIKATTU,All India Anna Dravida Munnetra Kazhagam,NDA,AIADMK,Anaikattu,DMK,95159.0,DMK,True
45,KILVAITHINANKUPPAM,Tamilaga Vettri Kazhagam,Solo,TVK,Kilvaithinankuppam,ADMK,84579.0,AIADMK,True
46,GUDIYATTAM,Tamilaga Vettri Kazhagam,Solo,TVK,Gudiyattam,DMK,100412.0,DMK,True
47,VANIYAMBADI,Indian Union Muslim League,INDIA/SPA,IUML,Vaniyambadi,ADMK,88018.0,AIADMK,True
48,AMBUR,Dravida Munnetra Kazhagam,INDIA/SPA,DMK,Ambur,DMK,90476.0,DMK,False
49,JOLARPET,All India Anna Dravida Munnetra Kazhagam,NDA,AIADMK,Jolarpet,DMK,89490.0,DMK,True
50,TIRUPPATTUR,Tamilaga Vettri Kazhagam,Solo,TVK,Tirupattur,DMK,96522.0,DMK,True
51,UTHANGARAI,Tamilaga Vettri Kazhagam,Solo,TVK,Uthangarai,ADMK,99675.0,AIADMK,True
52,BARGUR,All India Anna Dravida Munnetra Kazhagam,NDA,AIADMK,Bargur,DMK,97256.0,DMK,True
53,KRISHNAGIRI,Tamilaga Vettri Kazhagam,Solo,TVK,Krishnagiri,ADMK,96050.0,AIADMK,True
54,VEPPANAHALLI,Dravida Munnetra Kazhagam,INDIA/SPA,DMK,Veppanahalli,ADMK,94104.0,AIADMK,True
55,HOSUR,All India Anna Dravida Munnetra Kazhagam,NDA,AIADMK,Hosur,DMK,118231.0,DMK,True
56,THALLI,Communist Party of India,INDIA/SPA,CPI,Thalli,CPI,120641.0,CPI,False
57,PALACODU,All India Anna Dravida Munnetra Kazhagam,NDA,AIADMK,Palacode,ADMK,110070.0,AIADMK,False
58,PENNAGARAM,Tamilaga Vettri Kazhagam,Solo,TVK,Pennagaram,PMK,106123.0,PMK,True
59,DHARMAPURI,Pattali Makkal Katchi,NDA,PMK,Dharmapuri,PMK,105630.0,PMK,False
60,PAPPIREDDIPATTI,All India Anna Dravida Munnetra Kazhagam,NDA,AIADMK,Pappireddipatti,ADMK,114507.0,AIADMK,False
61,HARUR,All India Anna Dravida Munnetra Kazhagam,NDA,AIADMK,Harur,ADMK,99061.0,AIADMK,False
62,CHENGAM,All India Anna Dravida Munnetra Kazhagam,NDA,AIADMK,Chengam,DMK,108081.0,DMK,True
63,TIRUVANNAMALAI,Dravida Munnetra Kazhagam,INDIA/SPA,DMK,Tiruvannamalai,DMK,137876.0,DMK,False
64,KILPENNATHUR,All India Anna Dravida Munnetra Kazhagam,NDA,AIADMK,Kilpennathur,DMK,104675.0,DMK,True
65,KALASAPAKKAM,All India Anna Dravida Munnetra Kazhagam,NDA,AIADMK,Kalasapakkam,DMK,94134.0,DMK,True
66,POLUR,Tamilaga Vettri Kazhagam,Solo,TVK,Polur,ADMK,97732.0,AIADMK,True
67,ARANI,All India Anna Dravida Munnetra Kazhagam,NDA,AIADMK,Arani,ADMK,102961.0,AIADMK,False
68,CHEYYAR,All India Anna Dravida Munnetra Kazhagam,NDA,AIADMK,Cheyyar,DMK,102460.0,DMK,True
69,VANDAVASI,Dravida Munnetra Kazhagam,INDIA/SPA,DMK,Vandavasi,DMK,102064.0,DMK,False
70,GINGEE,Pattali Makkal Katchi,NDA,PMK,Gingee,DMK,109625.0,DMK,True
71,MAILAM,All India Anna Dravida Munnetra Kazhagam,NDA,AIADMK,Mailam,PMK,81044.0,PMK,True
72,TINDIVANAM,Viduthalai Chiruthaigal Katchi,INDIA/SPA,VCK,Tindivanam,ADMK,87152.0,AIADMK,True
73,VANUR,Dravida Munnetra Kazhagam,INDIA/SPA,DMK,Vanur,ADMK,92219.0,AIADMK,True
74,VILUPPURAM,Dravida Munnetra Kazhagam,INDIA/SPA,DMK,Villupuram,DMK,102271.0,DMK,False
75,VIKRAVANDI,Pattali Makkal Katchi,NDA,PMK,Vikravandi,DMK,93730.0,DMK,True
76,TIRUKKOYILUR,All India Anna Dravida Munnetra Kazhagam,NDA,AIADMK,Tirukkoyilur,DMK,110980.0,DMK,True
77,ULUNDURPETTAI,Dravida Munnetra Kazhagam,INDIA/SPA,DMK,Ulundurpettai,DMK,115451.0,DMK,False
78,RISHIVANDIYAM,Dravida Munnetra Kazhagam,INDIA/SPA,DMK,Rishivandiyam,DMK,113912.0,DMK,False
79,SANKARAPURAM,All India Anna Dravida Munnetra Kazhagam,NDA,AIADMK,Sankarapuram,DMK,121186.0,DMK,True
80,KALLAKURICHI,Tamilaga Vettri Kazhagam,Solo,TVK,Kallakurichi,ADMK,110643.0,AIADMK,True
81,GANGAVALLI,All India Anna Dravida Munnetra Kazhagam,NDA,AIADMK,Gangavalli,ADMK,89568.0,AIADMK,False
82,ATTUR,All India Anna Dravida Munnetra Kazhagam,NDA,AIADMK,Attur,ADMK,95308.0,AIADMK,False
83,YERCAUD,All India Anna Dravida Munnetra Kazhagam,NDA,AIADMK,Yercaud,ADMK,121561.0,AIADMK,False
84,OMALUR,All India Anna Dravida Munnetra Kazhagam,NDA,AIADMK,Omalur,ADMK,142488.0,AIADMK,False
85,METTUR,All India Anna Dravida Munnetra Kazhagam,NDA,AIADMK,Mettur,PMK,97055.0,PMK,True
86,EDAPPADI,All India Anna Dravida Munnetra Kazhagam,NDA,AIADMK,Edappadi,ADMK,163154.0,AIADMK,False
87,SANKARI,All India Anna Dravida Munnetra Kazhagam,NDA,AIADMK,Sankari,ADMK,115472.0,AIADMK,False
88,SALEM (WEST),Tamilaga Vettri Kazhagam,Solo,TVK,Salem (West),PMK,105483.0,PMK,True
89,SALEM (NORTH),Tamilaga Vettri Kazhagam,Solo,TVK,Salem (North),DMK,93432.0,DMK,True
90,SALEM (SOUTH),Tamilaga Vettri Kazhagam,Solo,TVK,Salem (South),ADMK,97506.0,AIADMK,True
91,VEERAPANDI,Tamilaga Vettri Kazhagam,Solo,TVK,Veerapandi,ADMK,111682.0,AIADMK,True
92,RASIPURAM,Tamilaga Vettri Kazhagam,Solo,TVK,Rasipuram,DMK,90727.0,DMK,True
93,SENTHAMANGALAM,Tamilaga Vettri Kazhagam,Solo,TVK,Senthamangalam,DMK,90681.0,DMK,True
94,NAMAKKAL,Tamilaga Vettri Kazhagam,Solo,TVK,Namakkal,DMK,106494.0,DMK,True
95,PARAMATHI-VELUR,All India Anna Dravida Munnetra Kazhagam,NDA,AIADMK,Paramathi-Velur,ADMK,86034.0,AIADMK,False
96,TIRUCHENGODU,Tamilaga Vettri Kazhagam,Solo,TVK,Tiruchengodu,DMK,81688.0,DMK,True
97,KUMARAPALAYAM,Tamilaga Vettri Kazhagam,Solo,TVK,Kumarapalayam,ADMK,100800.0,AIADMK,True
98,ERODE (EAST),Tamilaga Vettri Kazhagam,Solo,TVK,Erode (East),INC,67300.0,INC,True
99,ERODE (WEST),Tamilaga Vettri Kazhagam,Solo,TVK,Erode (West),DMK,100757.0,DMK,True
100,MODAKKURICHI,Tamilaga Vettri Kazhagam,Solo,TVK,Modakkurichi,BJP,78125.0,BJP,True
101,DHARAPURAM,All India Anna Dravida Munnetra Kazhagam,NDA,AIADMK,Dharapuram,DMK,89986.0,DMK,True
102,KANGAYAM,All India Anna Dravida Munnetra Kazhagam,NDA,AIADMK,Kangayam,DMK,94197.0,DMK,True
103,PERUNDURAI,All India Anna Dravida Munnetra Kazhagam,NDA,AIADMK,Perundurai,ADMK,85125.0,AIADMK,False
104,BHAVANI,All India Anna Dravida Munnetra Kazhagam,NDA,AIADMK,Bhavani,ADMK,100915.0,AIADMK,False
105,ANTHIYUR,All India Anna Dravida Munnetra Kazhagam,NDA,AIADMK,Anthiyur,DMK,79096.0,DMK,True
106,GOBICHETTIPALAYAM,Tamilaga Vettri Kazhagam,Solo,TVK,Gobichettipalayam,ADMK,108608.0,AIADMK,True
107,BHAVANISAGAR,Tamilaga Vettri Kazhagam,Solo,TVK,Bhavanisagar,ADMK,99181.0,AIADMK,True
108,UDHAGAMANDALAM,Bharatiya Janata Party,NDA,BJP,Udhagamandalam,INC,65530.0,INC,True
109,GUDALUR,Dravida Munnetra Kazhagam,INDIA/SPA,DMK,Gudalur,ADMK,64496.0,AIADMK,True
110,COONOOR,Dravida Munnetra Kazhagam,INDIA/SPA,DMK,Coonoor,DMK,61820.0,DMK,False
111,METTUPPALAYAM,Tamilaga Vettri Kazhagam,Solo,TVK,Mettuppalayam,ADMK,105231.0,AIADMK,True
112,AVANASHI,Tamilaga Vettri Kazhagam,Solo,TVK,Avanashi,ADMK,117284.0,AIADMK,True
113,TIRUPPUR (NORTH),Tamilaga Vettri Kazhagam,Solo,TVK,Tiruppur (North),ADMK,113384.0,AIADMK,True
114,TIRUPPUR (SOUTH),Tamilaga Vettri Kazhagam,Solo,TVK,Tiruppur (South),DMK,75535.0,DMK,True
115,PALLADAM,Tamilaga Vettri Kazhagam,Solo,TVK,Palladam,ADMK,126903.0,AIADMK,True
116,SULUR,Tamilaga Vettri Kazhagam,Solo,TVK,Sulur,ADMK,118968.0,AIADMK,True
117,KAVUNDAMPALAYAM,Tamilaga Vettri Kazhagam,Solo,TVK,Kavundampalayam,ADMK,135669.0,AIADMK,True
118,COIMBATORE (NORTH),Tamilaga Vettri Kazhagam,Solo,TVK,Coimbatore (North),ADMK,81454.0,AIADMK,True
119,THONDAMUTHUR,All India Anna Dravida Munnetra Kazhagam,NDA,AIADMK,Thondamuthur,ADMK,124225.0,AIADMK,False
120,COIMBATORE (SOUTH),Dravida Munnetra Kazhagam,INDIA/SPA,DMK,Coimbatore (South),BJP,53209.0,BJP,True
121,SINGANALLUR,Tamilaga Vettri Kazhagam,Solo,TVK,Singanallur,ADMK,81244.0,AIADMK,True
122,KINATHUKADAVU,Tamilaga Vettri Kazhagam,Solo,TVK,Kinathukadavu,ADMK,101537.0,AIADMK,True
123,POLLACHI,Dravida Munnetra Kazhagam,INDIA/SPA,DMK,Pollachi,ADMK,80567.0,AIADMK,True
124,VALPARAI,Dravida Munnetra Kazhagam,INDIA/SPA,DMK,Valparai,ADMK,71672.0,AIADMK,True
125,UDUMALAIPETTAI,Dravida Munnetra Kazhagam,INDIA/SPA,DMK,Udumalaipettai,ADMK,96893.0,AIADMK,True
126,MADATHUKULAM,Dravida Munnetra Kazhagam,INDIA/SPA,DMK,Madathukulam,ADMK,84313.0,AIADMK,True
127,PALANI,All India Anna Dravida Munnetra Kazhagam,NDA,AIADMK,Palani,DMK,108566.0,DMK,True
128,ODDANCHATRAM,Dravida Munnetra Kazhagam,INDIA/SPA,DMK,Oddanchatram,DMK,109970.0,DMK,False
129,ATHOOR,Dravida Munnetra Kazhagam,INDIA/SPA,DMK,Athoor,DMK,165809.0,DMK,False
130,NILAKKOTTAI,Tamilaga Vettri Kazhagam,Solo,TVK,Nilakkottai,ADMK,91461.0,AIADMK,True
131,NATHAM,All India Anna Dravida Munnetra Kazhagam,NDA,AIADMK,Natham,ADMK,107762.0,AIADMK,False
132,DINDIGUL,Dravida Munnetra Kazhagam,INDIA/SPA,DMK,Dindigul,ADMK,90595.0,AIADMK,True
133,VEDASANDUR,Dravida Munnetra Kazhagam,INDIA/SPA,DMK,Vedasandur,DMK,106481.0,DMK,False
134,ARAVAKURICHI,Dravida Munnetra Kazhagam,INDIA/SPA,DMK,Aravakurichi,DMK,93369.0,DMK,False
135,KARUR,All India Anna Dravida Munnetra Kazhagam,NDA,AIADMK,Karur,DMK,101757.0,DMK,True
136,KRISHNARAYAPURAM,Tamilaga Vettri Kazhagam,Solo,TVK,Krishnarayapuram,DMK,96540.0,DMK,True
137,KULITHALAI,Dravida Munnetra Kazhagam,INDIA/SPA,DMK,Kulithalai,DMK,100829.0,DMK,False
138,MANAPPARAI,Tamilaga Vettri Kazhagam,Solo,TVK,Manapparai,DMK,98077.0,DMK,True
139,SRIRANGAM,Tamilaga Vettri Kazhagam,Solo,TVK,Srirangam,DMK,113904.0,DMK,True
140,TIRUCHIRAPPALLI (WEST),Dravida Munnetra Kazhagam,INDIA/SPA,DMK,Tiruchirappalli (West),DMK,118133.0,DMK,False
141,TIRUCHIRAPPALLI (EAST),Tamilaga Vettri Kazhagam,Solo,TVK,Tiruchirappalli (East),DMK,94302.0,DMK,True
142,THIRUVERUMBUR,Tamilaga Vettri Kazhagam,Solo,TVK,Thiruverumbur,DMK,105424.0,DMK,True
143,LALGUDI,All India Anna Dravida Munnetra Kazhagam,NDA,AIADMK,Lalgudi,DMK,84914.0,DMK,True
144,MANACHANALLUR,Dravida Munnetra Kazhagam,INDIA/SPA,DMK,Manachanallur,DMK,116334.0,DMK,False
145,MUSIRI,Tamilaga Vettri Kazhagam,Solo,TVK,Musiri,DMK,90624.0,DMK,True
146,THURAIYUR,Tamilaga Vettri Kazhagam,Solo,TVK,Thuraiyur,DMK,87786.0,DMK,True
147,PERAMBALUR,Tamilaga Vettri Kazhagam,Solo,TVK,Perambalur,DMK,122090.0,DMK,True
148,KUNNAM,Dravida Munnetra Kazhagam,INDIA/SPA,DMK,Kunnam,DMK,103922.0,DMK,False
149,ARIYALUR,All India Anna Dravida Munnetra Kazhagam,NDA,AIADMK,Ariyalur,DMK,103975.0,DMK,True
150,JAYANKONDAM,Pattali Makkal Katchi,NDA,PMK,Jayankondam,DMK,99529.0,DMK,True
151,TITTAKUDI,Dravida Munnetra Kazhagam,INDIA/SPA,DMK,Tittakudi,DMK,83726.0,DMK,False
152,VRIDDHACHALAM,Desiya Murpokku Dravida Kazhagam,INDIA/SPA,DMDK,Vriddhachalam,INC,77064.0,INC,True
153,NEYVELI,All India Anna Dravida Munnetra Kazhagam,NDA,AIADMK,Neyveli,DMK,75177.0,DMK,True
154,PANRUTI,All India Anna Dravida Munnetra Kazhagam,NDA,AIADMK,Panruti,DMK,93801.0,DMK,True
155,CUDDALORE,Tamilaga Vettri Kazhagam,Solo,TVK,Cuddalore,DMK,84563.0,DMK,True
156,KURINJIPADI,Dravida Munnetra Kazhagam,INDIA/SPA,DMK,Kurinjipadi,DMK,101456.0,DMK,False
157,BHUVANAGIRI,All India Anna Dravida Munnetra Kazhagam,NDA,AIADMK,Bhuvanagiri,ADMK,96453.0,AIADMK,False
158,CHIDAMBARAM,Dravida Munnetra Kazhagam,INDIA/SPA,DMK,Chidambaram,ADMK,91961.0,AIADMK,True
159,KATTUMANNARKOIL,Viduthalai Chiruthaigal Katchi,INDIA/SPA,VCK,Kattumannarkoil,VCK,86056.0,VCK,False
160,SIRKAZHI,Dravida Munnetra Kazhagam,INDIA/SPA,DMK,Sirkazhi,DMK,94057.0,DMK,False
161,MAYILADUTHURAI,Indian National Congress,INDIA/SPA,INC,Mayiladuthurai,INC,73642.0,INC,False
162,POOMPUHAR,Dravida Munnetra Kazhagam,INDIA/SPA,DMK,Poompuhar,DMK,96102.0,DMK,False
163,NAGAPATTINAM,Dravida Munnetra Kazhagam,INDIA/SPA,DMK,Nagapattinam,VCK,66281.0,VCK,True
164,KILVELUR,Communist Party of India (Marxist),INDIA/SPA,CPI(M),Kilvelur,CPI(M),67988.0,CPI(M),False
165,VEDARANYAM,All India Anna Dravida Munnetra Kazhagam,NDA,AIADMK,Vedaranyam,ADMK,78719.0,AIADMK,False
166,THIRUTHURAIPOONDI,Communist Party of India,INDIA/SPA,CPI,Thiruthuraipoondi,CPI,97092.0,CPI,False
167,MANNARGUDI,Amma Makkal Munnettra Kazagam,NDA,AMMK,Mannargudi,DMK,87172.0,DMK,True
168,THIRUVARUR,Dravida Munnetra Kazhagam,INDIA/SPA,DMK,Thiruvarur,DMK,108906.0,DMK,False
169,NANNILAM,All India Anna Dravida Munnetra Kazhagam,NDA,AIADMK,Nannilam,ADMK,103637.0,AIADMK,False
170,THIRUVIDAIMARUDUR,Dravida Munnetra Kazhagam,INDIA/SPA,DMK,Thiruvidaimarudur,DMK,95763.0,DMK,False
171,KUMBAKONAM,Tamilaga Vettri Kazhagam,Solo,TVK,Kumbakonam,DMK,96057.0,DMK,True
172,PAPANASAM,Indian Union Muslim League,INDIA/SPA,IUML,Papanasam,DMK,86567.0,DMK,True
173,THIRUVAIYARU,Dravida Munnetra Kazhagam,INDIA/SPA,DMK,Thiruvaiyaru,DMK,103210.0,DMK,False
174,THANJAVUR,Tamilaga Vettri Kazhagam,Solo,TVK,Thanjavur,DMK,103772.0,DMK,True
175,ORATHANADU,Dravida Munnetra Kazhagam,INDIA/SPA,DMK,Orathanadu,ADMK,90063.0,AIADMK,True
176,PATTUKKOTTAI,Dravida Munnetra Kazhagam,INDIA/SPA,DMK,Pattukkottai,DMK,79065.0,DMK,False
177,PERAVURANI,Dravida Munnetra Kazhagam,INDIA/SPA,DMK,Peravurani,DMK,89130.0,DMK,False
178,GANDHARVAKOTTAI,Tamilaga Vettri Kazhagam,Solo,TVK,Gandarvakkottai,CPI(M),69710.0,CPI(M),True
179,VIRALIMALAI,All India Anna Dravida Munnetra Kazhagam,NDA,AIADMK,Viralimalai,ADMK,102179.0,AIADMK,False
180,PUDUKKOTTAI,Dravida Munnetra Kazhagam,INDIA/SPA,DMK,Pudukkottai,DMK,85802.0,DMK,False
181,THIRUMAYAM,Dravida Munnetra Kazhagam,INDIA/SPA,DMK,Thirumayam,DMK,71349.0,DMK,False
182,ALANGUDI,Dravida Munnetra Kazhagam,INDIA/SPA,DMK,Alangudi,DMK,87935.0,DMK,False
183,ARANTHANGI,Tamilaga Vettri Kazhagam,Solo,TVK,Aranthangi,INC,81835.0,INC,True
184,KARAIKUDI,Tamilaga Vettri Kazhagam,Solo,TVK,Karaikudi,INC,75954.0,INC,True
185,TIRUPPATTUR,Tamilaga Vettri Kazhagam,Solo,TVK,Tiruppattur,DMK,103682.0,DMK,True
186,SIVAGANGA,Tamilaga Vettri Kazhagam,Solo,TVK,Sivaganga,ADMK,82153.0,AIADMK,True
187,MANAMADURAI,Tamilaga Vettri Kazhagam,Solo,TVK,Manamadurai,DMK,89364.0,DMK,True
188,MELUR,Indian National Congress,INDIA/SPA,INC,Melur,ADMK,83344.0,AIADMK,True
189,MADURAI EAST,Tamilaga Vettri Kazhagam,Solo,TVK,Madurai East,DMK,122729.0,DMK,True
190,SHOLAVANDAN,Tamilaga Vettri Kazhagam,Solo,TVK,Sholavandan,DMK,84240.0,DMK,True
191,MADURAI NORTH,Tamilaga Vettri Kazhagam,Solo,TVK,Madurai North,DMK,73010.0,DMK,True
192,MADURAI SOUTH,Tamilaga Vettri Kazhagam,Solo,TVK,Madurai South,DMK,62812.0,DMK,True
193,MADURAI CENTRAL,Tamilaga Vettri Kazhagam,Solo,TVK,Madurai Central,DMK,73205.0,DMK,True
194,MADURAI WEST,Tamilaga Vettri Kazhagam,Solo,TVK,Madurai West,ADMK,83883.0,AIADMK,True
195,THIRUPARANKUNDRAM,Tamilaga Vettri Kazhagam,Solo,TVK,Thiruparankundram,ADMK,103683.0,AIADMK,True
196,THIRUMANGALAM,Dravida Munnetra Kazhagam,INDIA/SPA,DMK,Thirumangalam,ADMK,100338.0,AIADMK,True
197,USILAMPATTI,Tamilaga Vettri Kazhagam,Solo,TVK,Usilampatti,ADMK,71255.0,AIADMK,True
198,ANDIPATTI,Dravida Munnetra Kazhagam,INDIA/SPA,DMK,Andipatti,DMK,93541.0,DMK,False
199,PERIYAKULAM,Tamilaga Vettri Kazhagam,Solo,TVK,Periyakulam,DMK,92251.0,DMK,True
200,BODINAYAKANUR,Dravida Munnetra Kazhagam,INDIA/SPA,DMK,Bodinayakanur,ADMK,100050.0,AIADMK,True
201,CUMBUM,Tamilaga Vettri Kazhagam,Solo,TVK,Cumbum,DMK,104800.0,DMK,True
202,RAJAPALAYAM,Tamilaga Vettri Kazhagam,Solo,TVK,Rajapalayam,DMK,74158.0,DMK,True
203,SRIVILLIPUTHUR,Tamilaga Vettri Kazhagam,Solo,TVK,Srivilliputhur,ADMK,70475.0,AIADMK,True
204,SATTUR,Dravida Munnetra Kazhagam,INDIA/SPA,DMK,Sattur,DMK,74174.0,DMK,False
205,SIVAKASI,Tamilaga Vettri Kazhagam,Solo,TVK,Sivakasi,INC,78947.0,INC,True
206,VIRUDHUNAGAR,Tamilaga Vettri Kazhagam,Solo,TVK,Virudhunagar,DMK,73297.0,DMK,True
207,ARUPPUKKOTTAI,Dravida Munnetra Kazhagam,INDIA/SPA,DMK,Aruppukkottai,DMK,91040.0,DMK,False
208,TIRUCHULI,Dravida Munnetra Kazhagam,INDIA/SPA,DMK,Tiruchuli,DMK,102225.0,DMK,False
209,PARAMAKUDI,Dravida Munnetra Kazhagam,INDIA/SPA,DMK,Paramakudi,DMK,84864.0,DMK,False
210,TIRUVADANAI,Tamilaga Vettri Kazhagam,Solo,TVK,Tiruvadanai,INC,79364.0,INC,True
211,RAMANATHAPURAM,Dravida Munnetra Kazhagam,INDIA/SPA,DMK,Ramanathapuram,DMK,111075.0,DMK,False
212,MUDHUKULATHUR,Dravida Munnetra Kazhagam,INDIA/SPA,DMK,Mudhukulathur,DMK,101901.0,DMK,False
213,VILATHIKULAM,Dravida Munnetra Kazhagam,INDIA/SPA,DMK,Vilathikulam,DMK,90348.0,DMK,False
214,THOOTHUKKUDI,Tamilaga Vettri Kazhagam,Solo,TVK,Thoothukkudi,DMK,92314.0,DMK,True
215,TIRUCHENDUR,Dravida Munnetra Kazhagam,INDIA/SPA,DMK,Tiruchendur,DMK,88274.0,DMK,False
216,SRIVAIKUNTAM,Tamilaga Vettri Kazhagam,Solo,TVK,Srivaikuntam,INC,76843.0,INC,True
217,OTTAPIDARAM,Tamilaga Vettri Kazhagam,Solo,TVK,Ottapidaram,DMK,73110.0,DMK,True
218,KOVILPATTI,Dravida Munnetra Kazhagam,INDIA/SPA,DMK,Kovilpatti,ADMK,68556.0,AIADMK,True
219,SANKARANKOVIL,All India Anna Dravida Munnetra Kazhagam,NDA,AIADMK,Sankarankovil,DMK,71347.0,DMK,True
220,VASUDEVANALLUR,Dravida Munnetra Kazhagam,INDIA/SPA,DMK,Vasudevanallur,DMK,68730.0,DMK,False
221,KADAYANALLUR,Dravida Munnetra Kazhagam,INDIA/SPA,DMK,Kadayanallur,ADMK,88474.0,AIADMK,True
222,TENKASI,Dravida Munnetra Kazhagam,INDIA/SPA,DMK,Tenkasi,INC,89315.0,INC,True
223,ALANGULAM,Dravida Munnetra Kazhagam,INDIA/SPA,DMK,Alangulam,ADMK,74153.0,AIADMK,True
224,TIRUNELVELI,Tamilaga Vettri Kazhagam,Solo,TVK,Tirunelveli,BJP,92282.0,BJP,True
225,AMBASAMUDRAM,All India Anna Dravida Munnetra Kazhagam,NDA,AIADMK,Ambasamudram,ADMK,85211.0,AIADMK,False
226,PALAYAMKOTTAI,Dravida Munnetra Kazhagam,INDIA/SPA,DMK,Palayamkottai,DMK,89117.0,DMK,False
227,NANGUNERI,Tamilaga Vettri Kazhagam,Solo,TVK,Nanguneri,INC,75902.0,INC,True
228,RADHAPURAM,Tamilaga Vettri Kazhagam,Solo,TVK,Radhapuram,DMK,82331.0,DMK,True
229,KANNIYAKUMARI,All India Anna Dravida Munnetra Kazhagam,NDA,AIADMK,Kanniyakumari,ADMK,109828.0,AIADMK,False
230,NAGERCOIL,Dravida Munnetra Kazhagam,INDIA/SPA,DMK,Nagercoil,BJP,88804.0,BJP,True
231,COLACHAL,Indian National Congress,INDIA/SPA,INC,Colachal,INC,90681.0,INC,False
232,PADMANABHAPURAM,Communist Party of India (Marxist),INDIA/SPA,CPI(M),Padmanabhapuram,DMK,87744.0,DMK,True
233,VILAVANCODE,Indian National Congress,INDIA/SPA,INC,Vilavancode,INC,87473.0,INC,False
234,KILLIYOOR,Indian National Congress,INDIA/SPA,INC,Killiyoor,INC,101541.0,INC,False
