District No.,District Name,AC No.,Name of Assembly Constituency,Male,Female,Third Gender,Total Electors,Total_Candidates,AC_Name_Match,AC_No,AC_Name,Male_Electors,Female_Electors,TG_Electors,Total_Electors,Overseas_Electors,Service_Electors,Male_Voted,Female_Voted,TG_Voted,Postal_Voted,Test_Votes,Total_Voted,Overseas_Voted,Poll_Pct,Rejected_Postal,Rejected_EVM,NOTA_Votes,Valid_Votes,Tendered_Votes,Female_Turnout_Pct,Male_Turnout_Pct,Gender_Gap
1,Thiruvallur,1,Gummidipoondi,122195.0,129372.0,36.0,251603.0,15.0,GUMMIDIPOONDI,1,GUMMIDIPOONDI,123403.0,130736.0,36.0,254175.0,5.0,46.0,112919.0,117961.0,20.0,1730.0,0.0,232630.0,0.0,91.52,108.0,0.0,937.0,231585.0,0.0,91.17969885292028,92.4088546994558,-1.23
1,Thiruvallur,2,Ponneri,121221.0,127662.0,34.0,248917.0,15.0,PONNERI,2,PONNERI (SC),122315.0,129071.0,35.0,251421.0,11.0,24.0,111156.0,114495.0,25.0,1197.0,0.0,226873.0,0.0,90.24,54.0,0.0,865.0,225954.0,0.0,89.68604596512667,91.69698319598088,-2.01
1,Thiruvallur,3,Tiruttani,128642.0,131417.0,25.0,260084.0,,TIRUTTANI,3,TIRUTTANI,130026.0,132449.0,25.0,262500.0,2.0,643.0,116310.0,119297.0,13.0,3831.0,0.0,239451.0,0.0,91.22,653.0,0.0,1210.0,237588.0,0.0,90.77744888408654,90.41370625456692,0.36
1,Thiruvallur,4,Thiruvallur,121188.0,127426.0,37.0,248651.0,,THIRUVALLUR,4,THIRUVALLUR,122289.0,128786.0,36.0,251111.0,8.0,93.0,110302.0,114331.0,16.0,2139.0,0.0,226788.0,0.0,90.31,360.0,0.0,1132.0,225296.0,0.0,89.72344733413902,91.0172624352246,-1.29
1,Thiruvallur,5,Poonamallee,176849.0,186769.0,70.0,363688.0,,POONAMALLEE,5,POONAMALLEE (SC),179193.0,189432.0,69.0,368694.0,28.0,60.0,150326.0,156720.0,34.0,1939.0,0.0,309019.0,0.0,83.81,125.0,0.0,1571.0,307323.0,0.0,83.91114157060326,85.00245972552855,-1.09
1,Thiruvallur,6,Avadi,209662.0,219035.0,75.0,428772.0,,AVADI,6,AVADI,213438.0,223008.0,76.0,436522.0,33.0,345.0,167997.0,175491.0,22.0,2848.0,0.0,346358.0,0.0,79.34,353.0,0.0,1533.0,344472.0,0.0,80.12007213459036,80.12753860976238,-0.01
1,Thiruvallur,7,Maduravoyal,179602.0,184349.0,80.0,364031.0,,MADURAVOYAL,7,MADURAVOYAL,183998.0,189242.0,81.0,373321.0,80.0,38.0,144069.0,148424.0,17.0,1660.0,0.0,294170.0,0.0,78.8,478.0,0.0,1462.0,292230.0,7.0,80.51250617036165,80.21569915702497,0.3
1,Thiruvallur,8,Ambattur,162248.0,168175.0,57.0,330480.0,,AMBATTUR,8,AMBATTUR,165415.0,171608.0,58.0,337081.0,76.0,62.0,127983.0,130997.0,11.0,1684.0,0.0,260675.0,0.0,77.33,689.0,0.0,1490.0,258496.0,0.0,77.89326594321392,78.88109560672551,-0.99
1,Thiruvallur,9,Madavaram,205922.0,214596.0,83.0,420601.0,,MADAVARAM,9,MADAVARAM,211303.0,220482.0,81.0,431866.0,40.0,70.0,177376.0,182737.0,33.0,2103.0,0.0,362249.0,0.0,83.88,251.0,0.0,1394.0,360604.0,0.0,85.15396372718969,86.13746952729674,-0.98
1,Thiruvallur,10,Thiruvottiyur,117181.0,123289.0,116.0,240586.0,,THIRUVOTTIYUR,10,THIRUVOTTIYUR,119231.0,125579.0,121.0,244931.0,7.0,28.0,100451.0,105848.0,76.0,792.0,0.0,207167.0,0.0,84.58,79.0,0.0,805.0,206283.0,0.0,85.85356357825921,85.72294143248479,0.13
2,Chennai,11,Dr.Radhakrishnan Nagar,93576.0,102201.0,79.0,195856.0,,DR.RADHAKRISHNAN NAGAR,11,DR.RADHAKRISHNAN NAGAR,95281.0,104017.0,96.0,199394.0,12.0,35.0,86109.0,94370.0,51.0,818.0,0.0,181348.0,0.0,90.95,138.0,0.0,565.0,180645.0,3.0,92.3376483596051,92.02038984354962,0.32
2,Chennai,12,Perambur,107995.0,114726.0,71.0,222792.0,,PERAMBUR,12,PERAMBUR,109732.0,116540.0,73.0,226345.0,7.0,49.0,98471.0,104560.0,41.0,1547.0,0.0,204619.0,0.0,90.4,235.0,0.0,601.0,203783.0,9.0,91.13888743615222,91.18107319783324,-0.04
2,Chennai,13,Kolathur,99607.0,107607.0,37.0,207251.0,,KOLATHUR,13,KOLATHUR,101844.0,109953.0,36.0,211833.0,44.0,61.0,88089.0,94284.0,20.0,1891.0,0.0,184284.0,1.0,86.99,233.0,0.0,892.0,183159.0,11.0,87.61883520588809,88.43655566375857,-0.82
2,Chennai,14,Villivakkam,76947.0,82785.0,32.0,159764.0,,VILLIVAKKAM,14,VILLIVAKKAM,78710.0,84673.0,33.0,163416.0,59.0,44.0,68004.0,72498.0,17.0,1131.0,0.0,141650.0,0.0,86.68,198.0,0.0,695.0,140757.0,11.0,87.57383583982606,88.37771453078092,-0.8
2,Chennai,15,Thiru-Vi-Ka-Nagar,85724.0,93008.0,61.0,178793.0,,THIRU-VI-KA-NAGAR,15,THIRU-VI-KA-NAGAR (SC),87116.0,94479.0,63.0,181658.0,15.0,37.0,69165.0,73655.0,43.0,1077.0,0.0,143940.0,0.0,79.24,37.0,0.0,527.0,143376.0,11.0,79.19211250645105,80.68335588633288,-1.49
2,Chennai,16,Egmore,65677.0,69149.0,53.0,134879.0,,EGMORE,16,EGMORE (SC),67560.0,71179.0,57.0,138796.0,40.0,21.0,58050.0,60635.0,41.0,1189.0,0.0,119915.0,0.0,86.4,177.0,0.0,695.0,119043.0,11.0,87.68745751926998,88.38710659743899,-0.7
2,Chennai,17,Royapuram,75870.0,81004.0,57.0,156931.0,,ROYAPURAM,17,ROYAPURAM,77226.0,82388.0,58.0,159672.0,3.0,18.0,61297.0,65022.0,26.0,1075.0,0.0,127420.0,0.0,79.8,64.0,0.0,459.0,126897.0,0.0,80.27011011801886,80.79214445762489,-0.52
2,Chennai,18,Harbour,58221.0,58620.0,55.0,116896.0,,HARBOUR,18,HARBOUR,59785.0,60300.0,57.0,120142.0,22.0,16.0,49986.0,49269.0,28.0,351.0,0.0,99634.0,0.0,82.93,12.0,0.0,600.0,99022.0,0.0,84.04810644831116,85.85561910650796,-1.81
2,Chennai,19,Chepauk-Thiruvallikeni,79412.0,84396.0,58.0,163866.0,,CHEPAUK-THIRUVALLIKENI,19,CHEPAUK-THIRUVALLIKENI,80462.0,85529.0,59.0,166050.0,71.0,27.0,68057.0,71820.0,46.0,911.0,0.0,140834.0,0.0,84.81,93.0,0.0,643.0,140098.0,3.0,85.09881984928195,85.70115347806377,-0.6
2,Chennai,20,Thousand Lights,73500.0,80343.0,65.0,153908.0,,THOUSAND LIGHTS,20,THOUSAND LIGHTS,75257.0,82225.0,69.0,157551.0,65.0,22.0,62461.0,67860.0,46.0,1538.0,0.0,131905.0,0.0,83.72,81.0,0.0,815.0,131009.0,13.0,84.46286546432172,84.98095238095237,-0.52
2,Chennai,21,Anna Nagar,87325.0,94029.0,48.0,181402.0,,ANNA NAGAR,21,ANNA NAGAR,90874.0,97986.0,48.0,188908.0,48.0,47.0,77925.0,83812.0,25.0,1670.0,0.0,163432.0,0.0,86.51,93.0,0.0,963.0,162376.0,11.0,89.13420327771219,89.23561408531349,-0.1
2,Chennai,22,Virugambakkam,95025.0,101461.0,50.0,196536.0,,VIRUGAMPAKKAM,22,VIRUGAMPAKKAM,97011.0,103564.0,52.0,200627.0,71.0,49.0,82892.0,88586.0,29.0,1381.0,0.0,172888.0,0.0,86.17,57.0,0.0,1030.0,171801.0,10.0,87.31039512719173,87.23178111023415,0.08
2,Chennai,23,Saidapet,96950.0,103685.0,62.0,200697.0,,SAIDAPET,23,SAIDAPET,98561.0,105554.0,62.0,204177.0,23.0,31.0,77180.0,81725.0,30.0,1561.0,0.0,160496.0,1.0,78.61,95.0,0.0,924.0,159477.0,6.0,78.82046583401649,79.60804538421867,-0.79
2,Chennai,24,Thiyagarayanagar,74682.0,80228.0,33.0,154943.0,,THIYAGARAYANAGAR,24,THIYAGARAYANAGAR,76541.0,82216.0,34.0,158791.0,71.0,34.0,64192.0,68428.0,19.0,1508.0,0.0,134147.0,1.0,84.48,219.0,0.0,878.0,133050.0,5.0,85.29191803360423,85.95377734929434,-0.66
2,Chennai,25,Mylapore,93017.0,101691.0,23.0,194731.0,,MYLAPORE,25,MYLAPORE,95298.0,104174.0,24.0,199496.0,80.0,31.0,71857.0,77412.0,8.0,1523.0,0.0,150800.0,0.0,75.59,206.0,0.0,770.0,149824.0,0.0,76.12473080213589,77.25147016136835,-1.13
2,Chennai,26,Velachery,102235.0,109411.0,45.0,211691.0,,VELACHERY,26,VELACHERY,104934.0,112227.0,47.0,217208.0,58.0,37.0,88896.0,94291.0,20.0,1835.0,0.0,185042.0,0.0,85.19,227.0,0.0,1336.0,183479.0,14.0,86.1805485737266,86.95260918472148,-0.77
3,Kancheepuram,28,Alandur,143839.0,152173.0,40.0,296052.0,,ALANDUR,28,ALANDUR,146303.0,154782.0,42.0,301127.0,18.0,72.0,126666.0,132584.0,21.0,2395.0,0.0,261666.0,0.0,86.9,96.0,0.0,1263.0,260307.0,15.0,87.12715133433657,88.06095704224863,-0.93
3,Kancheepuram,29,Sriperumbudur,181852.0,194007.0,62.0,375921.0,,SRIPERUMBUDUR,29,SRIPERUMBUDUR (SC),184620.0,197124.0,63.0,381807.0,10.0,57.0,160464.0,168186.0,25.0,2480.0,0.0,331155.0,0.0,86.73,67.0,0.0,1161.0,329927.0,16.0,86.69068641853129,88.2387875855091,-1.55
3,Kancheepuram,36,Uthiramerur,118564.0,125300.0,58.0,243922.0,,UTHIRAMERUR,36,UTHIRAMERUR,119629.0,126557.0,62.0,246248.0,1.0,71.0,110350.0,113855.0,38.0,3976.0,0.0,228219.0,0.0,92.68,454.0,0.0,1114.0,226651.0,0.0,90.8659217877095,93.0720960831281,-2.21
3,Kancheepuram,37,Kancheepuram,133825.0,142437.0,37.0,276299.0,,KANCHEEPURAM,37,KANCHEEPURAM,134971.0,143833.0,37.0,278841.0,2.0,66.0,119443.0,123293.0,25.0,4125.0,0.0,246886.0,0.0,88.54,569.0,0.0,1078.0,245239.0,7.0,86.55967199533829,89.25312908649356,-2.69
4,Vellore,40,Katpadi,108863.0,116914.0,32.0,225809.0,,KATPADI,40,KATPADI,111580.0,118535.0,33.0,230148.0,17.0,1412.0,96887.0,104591.0,27.0,2850.0,0.0,204355.0,0.0,88.79,858.0,0.0,745.0,202752.0,0.0,89.45977385086474,88.99901711325244,0.46
4,Vellore,43,Vellore,101554.0,109460.0,49.0,211063.0,,VELLORE,43,VELLORE,103632.0,111267.0,47.0,214946.0,2.0,442.0,90855.0,97882.0,40.0,1796.0,0.0,190573.0,0.0,88.66,46.0,0.0,757.0,189770.0,0.0,89.42262013520921,89.4647182779605,-0.04
4,Vellore,44,Anaikattu,113833.0,120863.0,42.0,234738.0,,ANAIKATTU,44,ANAIKATTU,117577.0,123020.0,43.0,240640.0,1.0,1925.0,102934.0,111093.0,12.0,3046.0,0.0,217085.0,0.0,90.21,767.0,0.0,1103.0,215215.0,1.0,91.91646740524396,90.42544780511804,1.49
4,Vellore,45,Kilvaithinankuppam,104458.0,108985.0,8.0,213451.0,,KILVAITHINANKUPPAM,45,KILVAITHINANKUPPAM (SC),107004.0,110009.0,8.0,217021.0,0.0,1717.0,91317.0,96519.0,7.0,2536.0,0.0,190379.0,0.0,87.72,487.0,0.0,972.0,188920.0,0.0,88.56172867825848,87.41982423557793,1.14
4,Vellore,46,Gudiyattam,120946.0,127547.0,33.0,248526.0,,GUDIYATTAM,46,GUDIYATTAM (SC),122808.0,129222.0,34.0,252064.0,5.0,476.0,110788.0,116891.0,24.0,1549.0,0.0,229252.0,0.0,90.95,176.0,0.0,799.0,228277.0,0.0,91.64543266403756,91.60121045755956,0.04
5,Krishnagiri,51,Uthangarai,116918.0,116541.0,41.0,233500.0,,UTHANGARAI,51,UTHANGARAI (SC),118275.0,117609.0,41.0,235925.0,0.0,474.0,101261.0,101289.0,8.0,3187.0,0.0,205745.0,0.0,87.21,215.0,0.0,881.0,204649.0,1.0,86.91276031611193,86.6085632665629,0.3
5,Krishnagiri,52,Bargur,117135.0,120197.0,17.0,237349.0,,BARGUR,52,BARGUR,119224.0,121235.0,17.0,240476.0,0.0,1158.0,103171.0,107287.0,9.0,3662.0,0.0,214129.0,0.0,89.04,169.0,0.0,631.0,213329.0,0.0,89.25929931695467,88.0787125965766,1.18
5,Krishnagiri,53,Krishnagiri,129777.0,135200.0,60.0,265037.0,,KRISHNAGIRI,53,KRISHNAGIRI,132866.0,136467.0,61.0,269394.0,0.0,2028.0,111260.0,115393.0,42.0,4328.0,0.0,231023.0,0.0,85.76,842.0,0.0,1136.0,229045.0,2.0,85.34985207100591,85.73167818642749,-0.38
5,Krishnagiri,54,Veppanahalli,123389.0,120449.0,37.0,243875.0,,VEPPANAHALLI,54,VEPPANAHALLI,125068.0,121633.0,38.0,246739.0,0.0,646.0,112032.0,108986.0,20.0,1754.0,0.0,222792.0,0.0,90.29,184.0,0.0,1570.0,221038.0,0.0,90.48310903369892,90.79577596057996,-0.31
5,Krishnagiri,55,Hosur,169099.0,169124.0,72.0,338295.0,,HOSUR,55,HOSUR,171306.0,171662.0,72.0,343040.0,0.0,51.0,137844.0,137688.0,29.0,2367.0,0.0,277928.0,0.0,81.02,158.0,0.0,1614.0,276156.0,7.0,81.41245476691658,81.51674462888603,-0.1
5,Krishnagiri,56,Thalli,120000.0,115947.0,37.0,235984.0,,THALLI,56,THALLI,120911.0,117013.0,37.0,237961.0,0.0,37.0,105115.0,99156.0,17.0,1680.0,0.0,205968.0,0.0,86.56,90.0,0.0,1550.0,204328.0,10.0,85.51838339931176,87.59583333333333,-2.08
6,Dharmapuri,57,Palacodu,119611.0,117845.0,20.0,237476.0,,PALACODU,57,PALACODU,121408.0,119432.0,21.0,240861.0,1.0,539.0,111960.0,110493.0,17.0,3026.0,0.0,225496.0,0.0,93.62,239.0,0.0,1292.0,223965.0,6.0,93.76129661843947,93.60343112255562,0.16
6,Dharmapuri,58,Pennagaram,126763.0,119521.0,9.0,246293.0,,PENNAGARAM,58,PENNAGARAM,128018.0,120805.0,9.0,248832.0,0.0,218.0,115196.0,110199.0,6.0,3506.0,0.0,228907.0,0.0,91.99,241.0,0.0,674.0,227992.0,0.0,92.200533797408,90.87509762312348,1.33
6,Dharmapuri,59,Dharmapuri,129393.0,128464.0,82.0,257939.0,,DHARMAPURI,59,DHARMAPURI,130887.0,130008.0,84.0,260979.0,5.0,228.0,116631.0,116510.0,64.0,5537.0,0.0,238742.0,0.0,91.48,163.0,0.0,941.0,237638.0,9.0,90.69466932370158,90.13702441399458,0.56
6,Dharmapuri,60,Pappireddipatti,127427.0,127217.0,14.0,254658.0,,PAPPIREDDIPATTI,60,PAPPIREDDIPATTI,128665.0,128337.0,14.0,257016.0,5.0,376.0,115239.0,116602.0,10.0,5313.0,0.0,237164.0,0.0,92.28,543.0,0.0,677.0,235944.0,0.0,91.65598937248951,90.43530805873166,1.22
6,Dharmapuri,61,Harur,121453.0,122264.0,25.0,243742.0,,HARUR,61,HARUR (SC),122608.0,123339.0,24.0,245971.0,3.0,279.0,106883.0,108403.0,20.0,4997.0,0.0,220303.0,0.0,89.56,261.0,0.0,782.0,219260.0,5.0,88.66305699142839,88.00358986603871,0.66
7,Tiruvannamalai,62,Chengam,132571.0,134045.0,13.0,266629.0,,CHENGAM,62,CHENGAM (SC),134094.0,135316.0,13.0,269423.0,5.0,426.0,119078.0,121404.0,8.0,3213.0,0.0,243703.0,0.0,90.45,806.0,0.0,1114.0,241783.0,0.0,90.56958484091165,89.8220576144104,0.75
7,Tiruvannamalai,63,Tiruvannamalai,119784.0,127477.0,48.0,247309.0,,TIRUVANNAMALAI,63,TIRUVANNAMALAI,121132.0,128846.0,48.0,250026.0,16.0,177.0,105300.0,112475.0,37.0,2267.0,0.0,220079.0,0.0,88.02,13.0,0.0,785.0,219281.0,0.0,88.23160256359971,87.90823482268083,0.32
7,Tiruvannamalai,64,Kilpennathur,117840.0,121058.0,15.0,238913.0,,KILPENNATHUR,64,KILPENNATHUR,119081.0,122113.0,15.0,241209.0,3.0,386.0,106836.0,110497.0,10.0,2712.0,0.0,220055.0,0.0,91.23,265.0,0.0,440.0,219350.0,0.0,91.27608253894827,90.66191446028512,0.61
7,Tiruvannamalai,65,Kalasapakkam,114155.0,116592.0,19.0,230766.0,,KALASAPAKKAM,65,KALASAPAKKAM,115844.0,117733.0,18.0,233595.0,4.0,748.0,104334.0,107186.0,8.0,2665.0,0.0,214193.0,0.0,91.69,66.0,0.0,423.0,213704.0,0.0,91.93255111843008,91.39678507292716,0.54
7,Tiruvannamalai,66,Polur,114221.0,118196.0,9.0,232426.0,,POLUR,66,POLUR,116131.0,118949.0,11.0,235091.0,3.0,1317.0,101876.0,107090.0,9.0,3272.0,0.0,212247.0,0.0,90.28,504.0,0.0,798.0,210945.0,0.0,90.60374293546312,89.19200497281585,1.41
7,Tiruvannamalai,67,Arani,123335.0,129650.0,37.0,253022.0,,ARANI,67,ARANI,125648.0,130788.0,38.0,256474.0,7.0,1511.0,110706.0,116763.0,26.0,3644.0,0.0,231139.0,0.0,90.12,977.0,0.0,707.0,229455.0,0.0,90.06016197454686,89.76040864312644,0.3
7,Tiruvannamalai,68,Cheyyar,117159.0,121115.0,9.0,238283.0,,CHEYYAR,68,CHEYYAR,118003.0,121996.0,9.0,240008.0,1.0,152.0,108908.0,111701.0,9.0,2315.0,0.0,222933.0,0.0,92.89,363.0,0.0,950.0,221620.0,0.0,92.22722206167693,92.9574339145947,-0.73
7,Tiruvannamalai,69,Vandavasi,104662.0,107144.0,5.0,211811.0,,VANDAVASI,69,VANDAVASI (SC),105468.0,108101.0,5.0,213574.0,1.0,100.0,93803.0,95451.0,1.0,2146.0,0.0,191401.0,0.0,89.62,197.0,0.0,988.0,190216.0,0.0,89.08664974240274,89.62469664252546,-0.54
8,Viluppuram,70,Gingee,119278.0,121651.0,28.0,240957.0,,GINGEE,70,GINGEE,120357.0,122606.0,29.0,242992.0,0.0,325.0,105778.0,108710.0,16.0,3137.0,0.0,217641.0,0.0,89.57,989.0,0.0,508.0,216144.0,0.0,89.36219184388126,88.68190278173678,0.68
8,Viluppuram,71,Mailam,103451.0,104195.0,19.0,207665.0,,MAILAM,71,MAILAM,104130.0,104949.0,19.0,209098.0,0.0,82.0,93290.0,94065.0,10.0,2011.0,0.0,189376.0,0.0,90.57,155.0,0.0,299.0,188922.0,0.0,90.27784442631604,90.17795864708896,0.1
8,Viluppuram,72,Tindivanam,106762.0,110836.0,11.0,217609.0,,TINDIVANAM,72,TINDIVANAM (SC),107538.0,111751.0,11.0,219300.0,3.0,44.0,94946.0,99169.0,6.0,2239.0,0.0,196360.0,0.0,89.54,334.0,0.0,714.0,195312.0,1.0,89.47363672452994,88.93239167494052,0.54
8,Viluppuram,73,Vanur,101938.0,106030.0,16.0,207984.0,,VANUR,73,VANUR (SC),102776.0,107093.0,16.0,209885.0,0.0,61.0,92682.0,98312.0,9.0,1677.0,0.0,192680.0,0.0,91.8,561.0,0.0,519.0,191600.0,0.0,92.72092803923418,90.91997096274206,1.8
8,Viluppuram,74,Viluppuram,118786.0,125218.0,76.0,244080.0,,VILUPPURAM,74,VILUPPURAM,119713.0,126205.0,76.0,245994.0,6.0,95.0,103656.0,109383.0,58.0,2794.0,0.0,215891.0,0.0,87.76,469.0,0.0,573.0,214849.0,0.0,87.3540545289016,87.26280874850572,0.09
8,Viluppuram,75,Vikravandi,112050.0,115276.0,29.0,227355.0,,VIKRAVANDI,75,VIKRAVANDI,112953.0,116200.0,29.0,229182.0,1.0,187.0,101383.0,105641.0,19.0,2816.0,0.0,209859.0,0.0,91.57,628.0,0.0,401.0,208830.0,0.0,91.6417988132829,90.4801427933958,1.16
8,Viluppuram,76,Tirukkoyilur,121023.0,119948.0,32.0,241003.0,,TIRUKKOYILUR,76,TIRUKKOYILUR,122277.0,121092.0,35.0,243404.0,3.0,299.0,107209.0,107856.0,23.0,2674.0,0.0,217762.0,0.0,89.47,444.0,0.0,500.0,216818.0,2.0,89.9189648847834,88.5856407459739,1.33
9,Salem,81,Gangavalli,105720.0,111067.0,7.0,216794.0,,GANGAVALLI,81,GANGAVALLI (SC),106406.0,111962.0,7.0,218375.0,0.0,58.0,92470.0,101361.0,3.0,3047.0,0.0,196881.0,0.0,90.16,202.0,0.0,731.0,195948.0,3.0,91.26113066887554,87.46689368142263,3.79
9,Salem,82,Attur,109943.0,116517.0,21.0,226481.0,,ATTUR,82,ATTUR (SC),110787.0,117410.0,22.0,228219.0,0.0,66.0,98617.0,107127.0,20.0,2798.0,0.0,208562.0,1.0,91.39,266.0,0.0,1031.0,207265.0,3.0,91.94109014135276,89.69829820907198,2.24
9,Salem,83,Yercaud,132685.0,137827.0,17.0,270529.0,,YERCAUD,83,YERCAUD (ST),133812.0,139107.0,18.0,272937.0,2.0,108.0,122815.0,128189.0,14.0,2725.0,0.0,253743.0,0.0,92.97,151.0,0.0,1250.0,252342.0,2.0,93.00717566224324,92.56132946452124,0.45
9,Salem,84,Omalur,148764.0,143081.0,21.0,291866.0,,OMALUR,84,OMALUR,150257.0,144584.0,22.0,294863.0,0.0,270.0,136362.0,131446.0,18.0,3667.0,0.0,271493.0,0.0,92.07,374.0,0.0,1433.0,269686.0,5.0,91.86824246405882,91.66330563846093,0.2
9,Salem,85,Mettur,127853.0,125575.0,17.0,253445.0,,METTUR,85,METTUR,129034.0,126820.0,15.0,255869.0,0.0,204.0,114367.0,113712.0,11.0,3573.0,0.0,231663.0,0.0,90.54,558.0,0.0,794.0,230311.0,7.0,90.55305594266376,89.45194872236084,1.1
9,Salem,86,Edappadi,138709.0,135316.0,29.0,274054.0,,EDAPPADI,86,EDAPPADI,139764.0,136678.0,30.0,276472.0,1.0,85.0,128641.0,125835.0,24.0,3990.0,0.0,258490.0,0.0,93.5,227.0,0.0,1341.0,256922.0,4.0,92.99343758313871,92.74163897079498,0.25
9,Salem,87,Sankari,130573.0,128075.0,30.0,258678.0,,SANKARI,87,SANKARI,131472.0,129088.0,30.0,260590.0,0.0,65.0,121453.0,119620.0,24.0,2926.0,0.0,244023.0,0.0,93.64,244.0,0.0,711.0,243068.0,3.0,93.398399375366,93.0154013463733,0.38
9,Salem,88,Salem (West),127131.0,128125.0,64.0,255320.0,,SALEM (WEST),88,SALEM (WEST),128491.0,129485.0,64.0,258040.0,8.0,90.0,115674.0,116512.0,46.0,2557.0,0.0,234789.0,0.0,90.99,382.0,0.0,1052.0,233355.0,0.0,90.93619512195122,90.9880359629044,-0.05
9,Salem,89,Salem (North),114816.0,121224.0,48.0,236088.0,,SALEM (NORTH),89,SALEM (NORTH),116011.0,122624.0,50.0,238685.0,20.0,48.0,101851.0,106711.0,43.0,2272.0,0.0,210877.0,0.0,88.35,165.0,0.0,1205.0,209507.0,0.0,88.02794826107042,88.70801978818284,-0.68
9,Salem,90,Salem (South),109918.0,114130.0,49.0,224097.0,,SALEM (SOUTH),90,SALEM (SOUTH),111277.0,115554.0,49.0,226880.0,6.0,29.0,101139.0,105317.0,36.0,1625.0,0.0,208117.0,0.0,91.73,215.0,0.0,745.0,207157.0,3.0,92.27810391658636,92.0131370658127,0.26
9,Salem,91,Veerapandi,124850.0,123611.0,17.0,248478.0,,VEERAPANDI,91,VEERAPANDI,125773.0,124714.0,17.0,250504.0,7.0,55.0,117054.0,116770.0,15.0,2302.0,0.0,236141.0,0.0,94.27,266.0,0.0,594.0,235281.0,2.0,94.46570289051944,93.75570684821786,0.71
10,Namakkal,92,Rasipuram,107813.0,112728.0,13.0,220554.0,,RASIPURAM,92,RASIPURAM (SC),108636.0,113655.0,13.0,222304.0,2.0,52.0,97733.0,103582.0,11.0,3576.0,0.0,204902.0,0.0,92.17,222.0,0.0,863.0,203817.0,0.0,91.886665247321,90.65047814271006,1.24
10,Namakkal,93,Senthamangalam,111214.0,116087.0,26.0,227327.0,,SENTHAMANGALAM,93,SENTHAMANGALAM (ST),112168.0,117288.0,26.0,229482.0,4.0,84.0,99693.0,107074.0,15.0,3034.0,0.0,209816.0,0.0,91.43,129.0,0.0,1211.0,208476.0,1.0,92.2359954172302,89.64069271854262,2.6
10,Namakkal,94,Namakkal,113217.0,122093.0,41.0,235351.0,,NAMAKKAL,94,NAMAKKAL,114433.0,123443.0,39.0,237915.0,0.0,79.0,98123.0,110427.0,33.0,3812.0,0.0,212395.0,0.0,89.27,112.0,0.0,760.0,211523.0,0.0,90.44498865618831,86.66807988199652,3.78
10,Namakkal,95,Paramathi-Velur,97727.0,105830.0,10.0,203567.0,,PARAMATHI-VELUR,95,PARAMATHI-VELUR,98548.0,106657.0,10.0,205215.0,0.0,68.0,86672.0,98366.0,9.0,3972.0,0.0,189019.0,0.0,92.11,174.0,0.0,449.0,188396.0,0.0,92.94717943872249,88.6878754080244,4.26
10,Namakkal,96,Tiruchengodu,100412.0,106475.0,41.0,206928.0,,TIRUCHENGODU,96,TIRUCHENGODU,101443.0,107608.0,48.0,209099.0,4.0,27.0,90246.0,97998.0,30.0,2943.0,0.0,191217.0,0.0,91.45,95.0,0.0,520.0,190602.0,0.0,92.03850669171167,89.8757120662869,2.16
10,Namakkal,97,Kumarapalayam,104916.0,112239.0,69.0,217224.0,,KUMARAPALAYAM,97,KUMARAPALAYAM,106211.0,113789.0,72.0,220072.0,2.0,24.0,98115.0,105603.0,60.0,1581.0,0.0,205359.0,0.0,93.31,35.0,0.0,665.0,204659.0,0.0,94.08761660385429,93.51767127988104,0.57
11,Erode,98,Erode (East),84202.0,91989.0,37.0,176228.0,,ERODE (EAST),98,ERODE (EAST),85826.0,93728.0,38.0,179592.0,9.0,26.0,77358.0,83854.0,28.0,1333.0,0.0,162573.0,0.0,90.52,120.0,0.0,879.0,161574.0,0.0,91.15655132678909,91.87192703261204,-0.72
11,Erode,99,Erode (West),118206.0,127246.0,41.0,245493.0,,ERODE (WEST),99,ERODE (WEST),120471.0,129703.0,43.0,250217.0,4.0,40.0,105949.0,114135.0,33.0,2320.0,0.0,222437.0,0.0,88.9,255.0,782.0,1257.0,220143.0,3.0,89.69633623060842,89.6308140026733,0.07
11,Erode,100,Modakkurichi,98532.0,107577.0,13.0,206122.0,,MODAKKURICHI,100,MODAKKURICHI,99272.0,108413.0,12.0,207697.0,8.0,33.0,90155.0,97442.0,10.0,3298.0,0.0,190905.0,0.0,91.92,146.0,0.0,925.0,189834.0,2.0,90.5788412021157,91.49819348029068,-0.92
11,Erode,103,Perundurai,101851.0,110225.0,8.0,212084.0,,PERUNDURAI,103,PERUNDURAI,102869.0,111576.0,6.0,214451.0,5.0,20.0,95940.0,102332.0,4.0,2803.0,0.0,201079.0,0.0,93.76,393.0,0.0,812.0,199874.0,3.0,92.83919256067136,94.19642418827505,-1.36
11,Erode,104,Bhavani,108203.0,113170.0,20.0,221393.0,,BHAVANI,104,BHAVANI,109054.0,114147.0,20.0,223221.0,1.0,49.0,100365.0,104755.0,13.0,3331.0,0.0,208464.0,0.0,93.39,141.0,0.0,1409.0,206914.0,2.0,92.56428382080055,92.7562082382189,-0.19
11,Erode,105,Anthiyur,100339.0,105371.0,27.0,205737.0,,ANTHIYUR,105,ANTHIYUR,101150.0,106236.0,27.0,207413.0,2.0,58.0,89783.0,93149.0,16.0,3022.0,0.0,185970.0,0.0,89.66,195.0,0.0,754.0,185021.0,3.0,88.40098319271905,89.47966393924595,-1.08
11,Erode,106,Gobichettipalayam,113378.0,124190.0,13.0,237581.0,,GOBICHETTIPALAYAM,106,GOBICHETTIPALAYAM,114089.0,125096.0,13.0,239198.0,2.0,19.0,104400.0,112497.0,12.0,3079.0,0.0,219988.0,0.0,91.97,261.0,0.0,907.0,218820.0,0.0,90.58458813108946,92.08135617139128,-1.5
11,Erode,107,Bhavanisagar,113755.0,121806.0,23.0,235584.0,,BHAVANISAGAR,107,BHAVANISAGAR (SC),114711.0,122895.0,23.0,237629.0,7.0,16.0,103251.0,109064.0,18.0,2505.0,0.0,214838.0,0.0,90.41,243.0,0.0,1804.0,212791.0,4.0,89.53910316404775,90.76612017054195,-1.23
12,The Nilgiris,108,Udhagamandalam,89066.0,98348.0,11.0,187425.0,,UDHAGAMANDALAM,108,UDHAGAMANDALAM,89870.0,99087.0,11.0,188968.0,1.0,142.0,70796.0,75725.0,8.0,2503.0,0.0,149032.0,0.0,78.87,328.0,0.0,1525.0,147179.0,0.0,76.99699027941595,79.48712190959513,-2.49
12,The Nilgiris,109,Gudalur,89206.0,94675.0,7.0,183888.0,,GUDALUR,109,GUDALUR (SC),89970.0,95483.0,7.0,185460.0,14.0,62.0,71779.0,78036.0,5.0,1592.0,0.0,151412.0,0.0,81.64,171.0,0.0,871.0,150370.0,0.0,82.42513863216266,80.46431854359572,1.96
12,The Nilgiris,110,Coonoor,83045.0,92768.0,7.0,175820.0,,COONOOR,110,COONOOR,84146.0,93824.0,8.0,177978.0,4.0,196.0,66845.0,72497.0,7.0,2370.0,0.0,141719.0,0.0,79.63,325.0,0.0,720.0,140674.0,4.0,78.1487150741635,80.49250406406165,-2.34
13,Coimbatore,111,Mettuppalayam,133022.0,146382.0,34.0,279438.0,,METTUPPALAYAM,111,METTUPPALAYAM,134272.0,147928.0,35.0,282235.0,30.0,56.0,115510.0,126935.0,15.0,2075.0,0.0,244535.0,0.0,86.64,216.0,0.0,839.0,243480.0,12.0,86.7148966402973,86.83526033287727,-0.12
13,Coimbatore,116,Sulur,145987.0,157452.0,102.0,303541.0,,SULUR,116,SULUR,147942.0,159656.0,101.0,307699.0,5.0,83.0,130715.0,140783.0,84.0,2153.0,0.0,273735.0,0.0,88.96,191.0,0.0,1353.0,272191.0,0.0,89.41328150801515,89.53879455019967,-0.13
13,Coimbatore,117,Kavundampalayam,198430.0,208963.0,114.0,407507.0,,KAVUNDAMPALAYAM,117,KAVUNDAMPALAYAM,205276.0,216849.0,115.0,422240.0,39.0,102.0,174232.0,186725.0,70.0,3215.0,0.0,364242.0,0.0,86.26,251.0,0.0,2116.0,361875.0,0.0,89.35792460866277,87.80527138033564,1.55
13,Coimbatore,118,Coimbatore (North),143383.0,148122.0,28.0,291533.0,,COIMBATORE (NORTH),118,COIMBATORE (NORTH),145895.0,151070.0,29.0,296994.0,74.0,55.0,109023.0,115245.0,10.0,1989.0,0.0,226267.0,3.0,76.19,158.0,0.0,1020.0,225089.0,5.0,77.8041074249605,76.03621070838244,1.77
13,Coimbatore,119,Thondamuthur,138968.0,148371.0,103.0,287442.0,,THONDAMUTHUR,119,THONDAMUTHUR,141685.0,151588.0,106.0,293379.0,15.0,55.0,123695.0,132967.0,61.0,2100.0,0.0,258823.0,0.0,88.22,274.0,0.0,1000.0,257549.0,8.0,89.61791724797973,89.00970007483737,0.61
13,Coimbatore,120,Coimbatore (South),90214.0,96263.0,32.0,186509.0,,COIMBATORE (SOUTH),120,COIMBATORE (SOUTH),91334.0,97546.0,32.0,188912.0,19.0,34.0,74754.0,80355.0,18.0,1582.0,0.0,156709.0,0.0,82.95,210.0,0.0,759.0,155740.0,1.0,83.47443981592096,82.86297027068969,0.61
13,Coimbatore,121,Singanallur,128758.0,137277.0,23.0,266058.0,,SINGANALLUR,121,SINGANALLUR,130577.0,139396.0,24.0,269997.0,68.0,56.0,105707.0,113164.0,10.0,2257.0,0.0,221138.0,3.0,81.9,105.0,0.0,1346.0,219687.0,5.0,82.43478514244921,82.09742307274111,0.34
13,Coimbatore,122,Kinathukadavu,144562.0,155888.0,36.0,300486.0,,KINATHUKADAVU,122,KINATHUKADAVU,147104.0,158779.0,36.0,305919.0,32.0,41.0,127850.0,138540.0,16.0,2026.0,0.0,268432.0,0.0,87.75,515.0,0.0,1717.0,266200.0,5.0,88.87149748537412,88.43956226394211,0.43
13,Coimbatore,123,Pollachi,96061.0,105919.0,35.0,202015.0,,POLLACHI,123,POLLACHI,97029.0,106944.0,35.0,204008.0,9.0,37.0,86642.0,93044.0,16.0,1658.0,0.0,181360.0,3.0,88.9,164.0,0.0,849.0,180347.0,0.0,87.8444849366025,90.19477207191264,-2.35
13,Coimbatore,124,Valparai,81504.0,90759.0,21.0,172284.0,,VALPARAI,124,VALPARAI (SC),82150.0,91488.0,21.0,173659.0,0.0,51.0,71045.0,78196.0,19.0,1269.0,0.0,150529.0,0.0,86.68,98.0,0.0,675.0,149756.0,0.0,86.15784660474444,87.16750098154692,-1.01
14,Dindigul,127,Palani,115728.0,121582.0,49.0,237359.0,,PALANI,127,PALANI,116943.0,122888.0,50.0,239881.0,1.0,86.0,101441.0,105311.0,32.0,1923.0,0.0,208707.0,0.0,87.0,88.0,0.0,750.0,207869.0,0.0,86.61726242371404,87.65467302640674,-1.04
14,Dindigul,128,Oddanchatram,104519.0,113177.0,2.0,217698.0,,ODDANCHATRAM,128,ODDANCHATRAM,105658.0,114603.0,2.0,220263.0,0.0,25.0,95647.0,104242.0,1.0,1815.0,0.0,201705.0,0.0,91.57,81.0,0.0,1491.0,200133.0,1.0,92.1052864097829,91.5115911939456,0.59
14,Dindigul,129,Athoor,125056.0,134773.0,17.0,259846.0,,ATHOOR,129,ATHOOR,126424.0,135888.0,17.0,262329.0,4.0,486.0,111882.0,122225.0,7.0,3274.0,0.0,237388.0,0.0,90.49,205.0,0.0,812.0,236371.0,0.0,90.6895298019633,89.46551944728762,1.22
14,Dindigul,130,Nilakkottai,107389.0,111673.0,15.0,219077.0,,NILAKKOTTAI,130,NILAKKOTTAI (SC),108759.0,112792.0,14.0,221565.0,2.0,471.0,95252.0,100383.0,1.0,2169.0,0.0,197805.0,0.0,89.28,212.0,0.0,642.0,196951.0,0.0,89.8901256346655,88.69809757051468,1.19
14,Dindigul,131,Natham,127116.0,131421.0,66.0,258603.0,,NATHAM,131,NATHAM,128463.0,132861.0,69.0,261393.0,0.0,241.0,115125.0,122462.0,36.0,1694.0,0.0,239317.0,0.0,91.55,177.0,0.0,596.0,238544.0,2.0,93.18297684540522,90.56688379118286,2.62
14,Dindigul,132,Dindigul,114893.0,122765.0,21.0,237679.0,,DINDIGUL,132,DINDIGUL,116968.0,125138.0,20.0,242126.0,6.0,200.0,100907.0,107960.0,8.0,3243.0,0.0,212118.0,0.0,87.61,94.0,0.0,833.0,211191.0,0.0,87.94037388506496,87.8269346261304,0.11
14,Dindigul,133,Vedasandur,118236.0,123573.0,4.0,241813.0,,VEDASANDUR,133,VEDASANDUR,119371.0,124624.0,3.0,243998.0,6.0,224.0,108744.0,115889.0,1.0,2049.0,0.0,226683.0,0.0,92.9,129.0,0.0,474.0,226080.0,0.0,93.78181317925436,91.97198822693596,1.81
15,Karur,134,Aravakurichi,92738.0,101763.0,4.0,194505.0,,ARAVAKURICHI,134,ARAVAKURICHI,93193.0,102343.0,2.0,195538.0,6.0,21.0,84690.0,94726.0,2.0,1747.0,0.0,181165.0,0.0,92.65,87.0,0.0,637.0,180441.0,0.0,93.08491298409048,91.32178826371069,1.76
15,Karur,135,Karur,106684.0,119859.0,41.0,226584.0,,KARUR,135,KARUR,108303.0,121724.0,41.0,230068.0,8.0,73.0,100263.0,114546.0,40.0,2427.0,0.0,217276.0,0.0,94.44,447.0,0.0,539.0,216290.0,0.0,95.56729156759192,93.9812905402872,1.59
15,Karur,136,Krishnarayapuram,98262.0,103794.0,31.0,202087.0,,KRISHNARAYAPURAM,136,KRISHNARAYAPURAM (SC),98730.0,104329.0,31.0,203090.0,13.0,96.0,90581.0,97082.0,30.0,1941.0,0.0,189634.0,0.0,93.37,277.0,0.0,525.0,188832.0,0.0,93.53334489469526,92.1831430257882,1.35
15,Karur,137,Kulithalai,108343.0,113638.0,7.0,221988.0,,KULITHALAI,137,KULITHALAI,109083.0,114286.0,7.0,223376.0,7.0,192.0,100575.0,106521.0,3.0,2186.0,0.0,209285.0,0.0,93.69,194.0,0.0,612.0,208479.0,1.0,93.73713018532531,92.83017823025024,0.91
16,Tiruchirappalli,138,Manapparai,131212.0,134798.0,9.0,266019.0,,MANAPPARAI,138,MANAPPARAI,132297.0,135860.0,8.0,268165.0,0.0,166.0,116665.0,121332.0,5.0,3443.0,0.0,241445.0,0.0,90.04,229.0,0.0,949.0,240267.0,0.0,90.01023754061633,88.91336158278206,1.1
16,Tiruchirappalli,139,Srirangam,137694.0,146120.0,48.0,283862.0,,SRIRANGAM,139,SRIRANGAM,139304.0,147863.0,47.0,287214.0,25.0,187.0,121843.0,130452.0,32.0,3001.0,1.0,255329.0,0.0,88.9,343.0,1.0,929.0,254056.0,1.0,89.27730632356968,88.48824204395254,0.79
16,Tiruchirappalli,140,Tiruchirappalli (West),113050.0,122817.0,36.0,235903.0,,TIRUCHIRAPPALLI (WEST),140,TIRUCHIRAPPALLI (WEST),114480.0,124465.0,35.0,238980.0,1.0,60.0,91994.0,102073.0,22.0,2331.0,0.0,196420.0,0.0,82.19,73.0,0.0,1098.0,195249.0,0.0,83.10983007238411,81.37461300309597,1.74
16,Tiruchirappalli,141,Tiruchirappalli (East),104883.0,112460.0,54.0,217397.0,,TIRUCHIRAPPALLI (EAST),141,TIRUCHIRAPPALLI (EAST),106303.0,113883.0,54.0,220240.0,0.0,49.0,86806.0,93209.0,36.0,2679.0,0.0,182730.0,0.0,82.97,237.0,0.0,514.0,181979.0,0.0,82.88191356926907,82.76460436867748,0.12
16,Tiruchirappalli,142,Thiruverumbur,124328.0,131860.0,51.0,256239.0,,THIRUVERUMBUR,142,THIRUVERUMBUR,125997.0,133650.0,54.0,259701.0,0.0,155.0,100900.0,109814.0,29.0,3049.0,0.0,213792.0,0.0,82.32,209.0,0.0,745.0,212838.0,0.0,83.28075231305931,81.15629624863264,2.12
16,Tiruchirappalli,143,Lalgudi,102156.0,108861.0,26.0,211043.0,,LALGUDI,143,LALGUDI,102852.0,109523.0,28.0,212403.0,0.0,226.0,86434.0,96945.0,21.0,2124.0,0.0,185524.0,0.0,87.35,311.0,0.0,390.0,184823.0,0.0,89.05393115991953,84.60981244371354,4.44
16,Tiruchirappalli,144,Manachanallur,113256.0,120924.0,37.0,234217.0,,MANACHANALLUR,144,MANACHANALLUR,114439.0,122155.0,38.0,236632.0,0.0,132.0,99055.0,108270.0,26.0,2584.0,0.0,209935.0,0.0,88.72,155.0,0.0,599.0,209181.0,0.0,89.53557606430485,87.46114996114996,2.07
16,Tiruchirappalli,145,Musiri,103631.0,108965.0,16.0,212612.0,,MUSIRI,145,MUSIRI,104395.0,109736.0,15.0,214146.0,5.0,140.0,89841.0,95680.0,11.0,3698.0,0.0,189230.0,0.0,88.36,89.0,0.0,1093.0,188048.0,1.0,87.80801174689121,86.69317096235682,1.11
16,Tiruchirappalli,146,Thuraiyur,101144.0,107837.0,30.0,209011.0,,THURAIYUR,146,THURAIYUR (SC),101958.0,108764.0,31.0,210753.0,1.0,68.0,86155.0,96129.0,20.0,2317.0,0.0,184621.0,0.0,87.6,195.0,0.0,697.0,183729.0,0.0,89.14287303986572,85.18053468322393,3.96
17,Perambalur,147,Perambalur,139914.0,148507.0,28.0,288449.0,,PERAMBALUR,147,PERAMBALUR (SC),141002.0,149700.0,29.0,290731.0,0.0,65.0,115470.0,134134.0,24.0,4232.0,0.0,253860.0,0.0,87.32,206.0,0.0,1160.0,252494.0,7.0,90.32166833886616,82.52926797890133,7.79
17,Perambalur,148,Kunnam,131720.0,134959.0,3.0,266682.0,,KUNNAM,148,KUNNAM,132377.0,135775.0,3.0,268155.0,0.0,60.0,103522.0,123985.0,3.0,3154.0,0.0,230664.0,0.0,86.02,94.0,0.0,484.0,230086.0,6.0,91.86864158744508,78.59246887336775,13.28
18,Cuddalore,151,Tittakudi,101774.0,104992.0,4.0,206770.0,,TITTAKUDI,151,TITTAKUDI (SC),102749.0,106253.0,4.0,209006.0,1.0,22.0,79002.0,94984.0,3.0,1958.0,0.0,175947.0,0.0,84.18,193.0,0.0,584.0,175170.0,0.0,90.46784516915577,77.62493367657751,12.84
18,Cuddalore,152,Vriddhachalam,118319.0,119495.0,22.0,237836.0,,VRIDDHACHALAM,152,VRIDDHACHALAM,119709.0,121113.0,22.0,240844.0,2.0,61.0,98867.0,108198.0,11.0,2372.0,0.0,209448.0,0.0,86.96,262.0,0.0,755.0,208431.0,0.0,90.54604795179716,83.55969878041566,6.99
18,Cuddalore,153,Neyveli,94505.0,94503.0,16.0,189024.0,,NEYVELI,153,NEYVELI,95570.0,95751.0,16.0,191337.0,1.0,66.0,82419.0,84119.0,9.0,2502.0,0.0,169049.0,0.0,88.35,269.0,0.0,768.0,168012.0,1.0,89.01198903738505,87.21125866356277,1.8
18,Cuddalore,154,Panruti,116476.0,123504.0,68.0,240048.0,,PANRUTI,154,PANRUTI,117312.0,124455.0,72.0,241839.0,4.0,72.0,100568.0,107513.0,52.0,2882.0,0.0,211015.0,0.0,87.25,248.0,0.0,907.0,209860.0,0.0,87.05224122295634,86.34225076410591,0.71
18,Cuddalore,155,Cuddalore,105300.0,115773.0,79.0,221152.0,,CUDDALORE,155,CUDDALORE,106273.0,116890.0,80.0,223243.0,2.0,94.0,88144.0,98630.0,60.0,3822.0,0.0,190656.0,0.0,85.4,278.0,0.0,894.0,189484.0,2.0,85.19257512546103,83.70750237416904,1.49
18,Cuddalore,156,Kurinjipadi,116013.0,120238.0,46.0,236297.0,,KURINJIPADI,156,KURINJIPADI,116933.0,121308.0,46.0,238287.0,0.0,98.0,102332.0,109390.0,30.0,2574.0,0.0,214326.0,0.0,89.94,361.0,0.0,629.0,213336.0,0.0,90.97789384387632,88.20735607216433,2.77
18,Cuddalore,157,Bhuvanagiri,114785.0,116164.0,19.0,230968.0,,BHUVANAGIRI,157,BHUVANAGIRI,115865.0,117469.0,19.0,233353.0,0.0,94.0,99730.0,104970.0,10.0,2753.0,0.0,207463.0,0.0,88.91,153.0,0.0,681.0,206629.0,0.0,90.3636238421542,86.88417476151065,3.48
18,Cuddalore,158,Chidambaram,112664.0,116443.0,29.0,229136.0,,CHIDAMBARAM,158,CHIDAMBARAM,113648.0,117647.0,30.0,231325.0,0.0,89.0,91541.0,101844.0,16.0,3691.0,0.0,197092.0,0.0,85.2,506.0,0.0,816.0,195770.0,2.0,87.4625353177091,81.251331392459,6.21
18,Cuddalore,159,Kattumannarkoil,111691.0,112864.0,10.0,224565.0,,KATTUMANNARKOIL,159,KATTUMANNARKOIL (SC),112652.0,113847.0,10.0,226509.0,0.0,176.0,88678.0,96949.0,4.0,2589.0,0.0,188220.0,0.0,83.1,315.0,0.0,465.0,187440.0,0.0,85.89895803799263,79.39583314680681,6.5
19,Nagapattinam,163,Nagapattinam,84493.0,88464.0,22.0,172979.0,,NAGAPATTINAM,163,NAGAPATTINAM,85318.0,89396.0,22.0,174736.0,3.0,53.0,69937.0,79983.0,17.0,1575.0,0.0,151512.0,0.0,86.71,186.0,0.0,479.0,150847.0,0.0,90.41304937601736,82.77253736995964,7.64
19,Nagapattinam,164,Kilvelur,83392.0,85535.0,7.0,168934.0,,KILVELUR,164,KILVELUR (SC),84174.0,86452.0,7.0,170633.0,1.0,75.0,71761.0,78177.0,3.0,1809.0,0.0,151750.0,0.0,88.93,113.0,0.0,545.0,151092.0,0.0,91.3976734670018,86.05261895625479,5.35
19,Nagapattinam,165,Vedaranyam,91735.0,94299.0,0.0,186034.0,,VEDARANYAM,165,VEDARANYAM,92434.0,95092.0,1.0,187527.0,0.0,88.0,73881.0,85501.0,1.0,3093.0,0.0,162476.0,0.0,86.64,260.0,0.0,563.0,161653.0,0.0,90.67010254615636,80.53741756145419,10.13
20,Thiruvarur,166,Thiruthuraipoondi,111001.0,114348.0,14.0,225363.0,,THIRUTHURAIPOONDI,166,THIRUTHURAIPOONDI (SC),111654.0,115273.0,13.0,226940.0,8.0,95.0,88516.0,100696.0,8.0,1913.0,0.0,191133.0,0.0,84.22,103.0,0.0,797.0,190233.0,0.0,88.06100675132053,79.74342573490328,8.32
20,Thiruvarur,167,Mannargudi,112530.0,119401.0,4.0,231935.0,,MANNARGUDI,167,MANNARGUDI,113724.0,120826.0,4.0,234554.0,6.0,124.0,87861.0,104495.0,2.0,1811.0,1.0,194170.0,0.0,82.78,69.0,1.0,405.0,193695.0,0.0,87.51601745379017,78.07784590775793,9.44
20,Thiruvarur,168,Thiruvarur,126054.0,131818.0,20.0,257892.0,,THIRUVARUR,168,THIRUVARUR,127141.0,132984.0,20.0,260145.0,2.0,118.0,101446.0,114494.0,7.0,2065.0,0.0,218012.0,0.0,83.8,137.0,0.0,825.0,217050.0,1.0,86.85763704501662,80.47820775223317,6.38
20,Thiruvarur,169,Nannilam,131094.0,133352.0,16.0,264462.0,,NANNILAM,169,NANNILAM,132488.0,135074.0,14.0,267576.0,8.0,144.0,109330.0,120255.0,3.0,2004.0,0.0,231592.0,0.0,86.55,148.0,0.0,936.0,230508.0,0.0,90.17862499250106,83.39817230384304,6.78
21,Thanjavur,170,Thiruvidaimarudur,125132.0,129313.0,8.0,254453.0,,THIRUVIDAIMARUDUR,170,THIRUVIDAIMARUDUR (SC),126301.0,130705.0,8.0,257014.0,0.0,84.0,99126.0,108526.0,3.0,1813.0,0.0,209468.0,0.0,81.5,524.0,0.0,747.0,208197.0,1.0,83.92505007230518,79.21714669309209,4.71
21,Thanjavur,171,Kumbakonam,122383.0,129469.0,16.0,251868.0,,KUMBAKONAM,171,KUMBAKONAM,123565.0,130803.0,15.0,254383.0,14.0,65.0,98465.0,107686.0,6.0,2221.0,0.0,208378.0,0.0,81.92,90.0,0.0,960.0,207328.0,0.0,83.17512300241756,80.45643594290057,2.72
21,Thanjavur,172,Papanasam,123838.0,130791.0,23.0,254652.0,,PAPANASAM,172,PAPANASAM,124835.0,131759.0,23.0,256617.0,44.0,99.0,96781.0,109352.0,8.0,1726.0,0.0,207867.0,0.0,81.0,144.0,0.0,716.0,207007.0,0.0,83.60819934093324,78.15129443304963,5.46
21,Thanjavur,173,Thiruvaiyaru,125357.0,131000.0,20.0,256377.0,,THIRUVAIYARU,173,THIRUVAIYARU,126442.0,132135.0,20.0,258597.0,4.0,223.0,106908.0,113049.0,9.0,2249.0,0.0,222215.0,0.0,85.93,104.0,0.0,948.0,221163.0,0.0,86.2969465648855,85.28283223114784,1.01
21,Thanjavur,174,Thanjavur,118648.0,130369.0,47.0,249064.0,,THANJAVUR,174,THANJAVUR,120469.0,132322.0,50.0,252841.0,34.0,165.0,92142.0,103717.0,33.0,3148.0,0.0,199040.0,0.0,78.72,242.0,0.0,1274.0,197524.0,14.0,79.55648965628332,77.65996898388511,1.9
21,Thanjavur,175,Orathanadu,112298.0,118947.0,6.0,231251.0,,ORATHANADU,175,ORATHANADU,113523.0,120229.0,6.0,233758.0,19.0,216.0,88018.0,105546.0,2.0,1909.0,0.0,195475.0,0.0,83.62,171.0,0.0,631.0,194673.0,1.0,88.73363767055916,78.37895599209247,10.35
21,Thanjavur,176,Pattukkottai,115354.0,125580.0,20.0,240954.0,,PATTUKKOTTAI,176,PATTUKKOTTAI,116063.0,126368.0,20.0,242451.0,18.0,31.0,80047.0,102391.0,7.0,1707.0,0.0,184152.0,0.0,75.95,407.0,0.0,738.0,183007.0,0.0,81.53448001274089,69.3924788043761,12.14
21,Thanjavur,177,Peravurani,104268.0,108543.0,15.0,212826.0,,PERAVURANI,177,PERAVURANI,104814.0,109145.0,15.0,213974.0,7.0,28.0,80711.0,94224.0,6.0,1505.0,0.0,176446.0,0.0,82.46,172.0,0.0,695.0,175579.0,1.0,86.80799314557365,77.40725821920435,9.4
22,Pudukkottai,178,Gandarvakkottai,98028.0,96695.0,9.0,194732.0,,GANDHARVAKOTTAI,178,GANDHARVAKOTTAI (SC),98651.0,97444.0,9.0,196104.0,13.0,80.0,79954.0,86234.0,4.0,1678.0,0.0,167870.0,0.0,85.6,252.0,0.0,1127.0,166491.0,0.0,89.18144681731216,81.56241073978863,7.62
22,Pudukkottai,179,Viralimalai,110011.0,113040.0,33.0,223084.0,,VIRALIMALAI,179,VIRALIMALAI,110937.0,114188.0,34.0,225159.0,2.0,69.0,96379.0,105740.0,32.0,1848.0,0.0,203999.0,0.0,90.6,78.0,0.0,375.0,203546.0,2.0,93.54210898796886,87.60851187608512,5.93
22,Pudukkottai,180,Pudukkottai,109962.0,113943.0,23.0,223928.0,,PUDUKKOTTAI,180,PUDUKKOTTAI,110873.0,115114.0,22.0,226009.0,25.0,65.0,89038.0,99115.0,16.0,2446.0,0.0,190615.0,0.0,84.34,237.0,0.0,467.0,189911.0,0.0,86.98647569398734,80.97160837380186,6.01
22,Pudukkottai,181,Thirumayam,107006.0,112270.0,3.0,219279.0,,THIRUMAYAM,181,THIRUMAYAM,107642.0,112977.0,3.0,220622.0,2.0,54.0,82050.0,99315.0,3.0,1424.0,0.0,182792.0,0.0,82.85,180.0,0.0,945.0,181667.0,0.0,88.46085330008016,76.67794329289946,11.78
22,Pudukkottai,182,Alangudi,103987.0,106309.0,0.0,210296.0,,ALANGUDI,182,ALANGUDI,104833.0,107306.0,0.0,212139.0,1.0,61.0,82581.0,96333.0,0.0,1684.0,0.0,180598.0,0.0,85.13,115.0,0.0,673.0,179810.0,2.0,90.61603439031502,79.41473453412446,11.2
22,Pudukkottai,183,Aranthangi,112282.0,115305.0,1.0,227588.0,,ARANTHANGI,183,ARANTHANGI,113235.0,116597.0,2.0,229834.0,0.0,42.0,83069.0,97891.0,1.0,1831.0,0.0,182792.0,0.0,79.53,62.0,0.0,580.0,182150.0,7.0,84.89744590434066,73.98247270265938,10.91
23,Sivaganga,184,Karaikudi,148087.0,155256.0,28.0,303371.0,,KARAIKUDI,184,KARAIKUDI,149478.0,156617.0,29.0,306124.0,36.0,199.0,103529.0,123453.0,15.0,2628.0,0.0,229625.0,0.0,75.01,358.0,0.0,519.0,228748.0,4.0,79.51576750656979,69.91093073666156,9.6
23,Sivaganga,185,Tiruppattur,134270.0,139183.0,3.0,273456.0,,TIRUPPATTUR,185,TIRUPPATTUR,135526.0,140469.0,4.0,275999.0,25.0,95.0,95904.0,117835.0,2.0,2275.0,0.0,216016.0,0.0,78.27,306.0,0.0,747.0,214963.0,0.0,84.66191991838083,71.42623072912788,13.24
23,Sivaganga,186,Sivaganga,135113.0,141039.0,4.0,276156.0,,SIVAGANGA,186,SIVAGANGA,136503.0,142103.0,3.0,278609.0,12.0,485.0,94445.0,116940.0,0.0,3331.0,0.0,214716.0,0.0,77.07,649.0,0.0,1053.0,213014.0,0.0,82.91323676429924,69.90074974280788,13.01
23,Sivaganga,187,Manamadurai,126565.0,131048.0,3.0,257616.0,,MANAMADURAI,187,MANAMADURAI (SC),128154.0,132042.0,7.0,260203.0,2.0,821.0,95712.0,109493.0,2.0,3884.0,0.0,209091.0,0.0,80.36,448.0,0.0,846.0,207797.0,0.0,83.55182833770832,75.62280251254296,7.93
24,Madurai,188,Melur,113091.0,114687.0,11.0,227789.0,,MELUR,188,MELUR,114265.0,115785.0,11.0,230061.0,0.0,240.0,86585.0,102395.0,3.0,1839.0,0.0,190822.0,0.0,82.94,96.0,0.0,554.0,190172.0,0.0,89.2821331101171,76.56223749016279,12.72
24,Madurai,189,Madurai East,161361.0,169579.0,53.0,330993.0,,MADURAI EAST,189,MADURAI EAST,164049.0,172632.0,57.0,336738.0,1.0,211.0,129707.0,138577.0,28.0,3688.0,0.0,272000.0,0.0,80.77,434.0,0.0,1177.0,270389.0,0.0,81.7182552084869,80.38311611851687,1.34
24,Madurai,190,Sholavandan,104246.0,108243.0,13.0,212502.0,,SHOLAVANDAN,190,SHOLAVANDAN (SC),105847.0,109489.0,12.0,215348.0,1.0,563.0,91217.0,95865.0,6.0,2136.0,0.0,189224.0,0.0,87.87,144.0,0.0,571.0,188509.0,0.0,88.56461849727003,87.50167872148572,1.06
24,Madurai,191,Madurai North,106263.0,112410.0,46.0,218719.0,,MADURAI NORTH,191,MADURAI NORTH,107562.0,113714.0,50.0,221326.0,4.0,152.0,77515.0,82207.0,28.0,2141.0,0.0,161891.0,0.0,73.15,90.0,0.0,753.0,161048.0,0.0,73.13139400409216,72.94636891486218,0.19
24,Madurai,192,Madurai South,87179.0,90378.0,48.0,177605.0,,MADURAI SOUTH,192,MADURAI SOUTH,88345.0,91609.0,49.0,180003.0,2.0,84.0,69089.0,71609.0,3.0,897.0,0.0,141598.0,0.0,78.66,95.0,0.0,612.0,140891.0,3.0,79.23277788842418,79.24958992417899,-0.02
24,Madurai,193,Madurai Central,95632.0,101198.0,26.0,196856.0,,MADURAI CENTRAL,193,MADURAI CENTRAL,97051.0,102648.0,26.0,199725.0,1.0,107.0,71990.0,75495.0,15.0,1209.0,0.0,148709.0,0.0,74.46,123.0,0.0,656.0,147930.0,0.0,74.60127670507322,75.27814957336456,-0.68
24,Madurai,194,Madurai West,133116.0,138214.0,11.0,271341.0,,MADURAI WEST,194,MADURAI WEST,135219.0,140458.0,12.0,275689.0,6.0,173.0,104392.0,109850.0,6.0,2618.0,0.0,216866.0,0.0,78.66,463.0,0.0,893.0,215510.0,3.0,79.47820047173224,78.4218275789537,1.06
24,Madurai,195,Thiruparankundram,150598.0,157157.0,30.0,307785.0,,THIRUPARANKUNDRAM,195,THIRUPARANKUNDRAM,152686.0,158988.0,31.0,311705.0,6.0,305.0,123550.0,129783.0,14.0,2599.0,0.0,255946.0,0.0,82.11,480.0,0.0,1148.0,254318.0,3.0,82.58174946073035,82.03960211955005,0.54
24,Madurai,196,Thirumangalam,125756.0,133461.0,8.0,259225.0,,THIRUMANGALAM,196,THIRUMANGALAM,128372.0,134567.0,9.0,262948.0,0.0,1710.0,108399.0,118821.0,5.0,4319.0,0.0,231544.0,0.0,88.06,564.0,0.0,933.0,230047.0,1.0,89.03050329309686,86.19787525048507,2.83
24,Madurai,197,Usilampatti,131411.0,132724.0,6.0,264141.0,,USILAMPATTI,197,USILAMPATTI,134096.0,133865.0,8.0,267969.0,0.0,1777.0,107313.0,113527.0,4.0,3835.0,0.0,224679.0,0.0,83.85,631.0,0.0,692.0,223356.0,0.0,85.53615020644345,81.6621135216991,3.87
25,Theni,198,Andipatti,124501.0,129928.0,30.0,254459.0,,ANDIPATTI,198,ANDIPATTI,126975.0,130992.0,30.0,257997.0,2.0,1468.0,103106.0,111509.0,12.0,3072.0,0.0,217699.0,0.0,84.38,370.0,0.0,1028.0,216301.0,0.0,85.82368696508836,82.81539907309981,3.01
25,Theni,199,Periyakulam,128368.0,135070.0,109.0,263547.0,,PERIYAKULAM,199,PERIYAKULAM (SC),130120.0,136340.0,110.0,266570.0,2.0,740.0,101761.0,106962.0,61.0,2730.0,0.0,211514.0,0.0,79.35,305.0,0.0,1506.0,209703.0,12.0,79.19004960390909,79.27287174373676,-0.08
25,Theni,200,Bodinayakanur,126858.0,134760.0,15.0,261633.0,,BODINAYAKANUR,200,BODINAYAKANUR,128663.0,135707.0,16.0,264386.0,23.0,1094.0,103602.0,114344.0,6.0,3164.0,0.0,221116.0,0.0,83.63,488.0,0.0,931.0,219697.0,2.0,84.85010388839419,81.66769143451734,3.18
25,Theni,201,Cumbum,122496.0,131129.0,21.0,253646.0,,CUMBUM,201,CUMBUM,124942.0,132359.0,22.0,257323.0,11.0,1435.0,98781.0,108943.0,7.0,3346.0,0.0,211077.0,0.0,82.03,503.0,0.0,667.0,209907.0,3.0,83.08078304570309,80.640184169279,2.44
26,Virudhunagar,202,Rajapalayam,103236.0,108951.0,33.0,212220.0,,RAJAPALAYAM,202,RAJAPALAYAM,104592.0,110021.0,33.0,214646.0,6.0,454.0,86150.0,94608.0,22.0,2432.0,0.0,183212.0,2.0,85.36,192.0,0.0,753.0,182267.0,2.0,86.83536635735331,83.44957185477934,3.39
26,Virudhunagar,203,Srivilliputhur,108109.0,114218.0,40.0,222367.0,,SRIVILLIPUTHUR,203,SRIVILLIPUTHUR (SC),109704.0,115160.0,39.0,224903.0,0.0,781.0,90792.0,99596.0,27.0,3212.0,0.0,193627.0,0.0,86.09,156.0,0.0,873.0,192598.0,0.0,87.19816491271078,83.98190714926602,3.22
26,Virudhunagar,204,Sattur,110693.0,117207.0,63.0,227963.0,,SATTUR,204,SATTUR,112159.0,117928.0,62.0,230149.0,6.0,819.0,93451.0,102942.0,47.0,2598.0,1.0,199039.0,0.0,86.48,304.0,1.0,476.0,198258.0,0.0,87.8292252169239,84.4235859539447,3.41
26,Virudhunagar,205,Sivakasi,109420.0,116013.0,28.0,225461.0,,SIVAKASI,205,SIVAKASI,110989.0,117448.0,28.0,228465.0,0.0,260.0,92408.0,99545.0,12.0,1629.0,0.0,193594.0,0.0,84.74,77.0,0.0,948.0,192569.0,9.0,85.80503909044675,84.45256808627308,1.35
26,Virudhunagar,206,Virudhunagar,96436.0,102141.0,39.0,198616.0,,VIRUDHUNAGAR,206,VIRUDHUNAGAR,97702.0,103195.0,41.0,200938.0,2.0,320.0,79370.0,86662.0,24.0,2461.0,0.0,168517.0,0.0,83.87,685.0,0.0,954.0,166878.0,1.0,84.84545872862024,82.3032892280891,2.54
26,Virudhunagar,207,Aruppukkottai,100000.0,106468.0,29.0,206497.0,,ARUPPUKKOTTAI,207,ARUPPUKKOTTAI,101021.0,107118.0,29.0,208168.0,2.0,418.0,83014.0,93101.0,14.0,2569.0,0.0,178698.0,0.0,85.84,285.0,0.0,692.0,177721.0,0.0,87.4450539129128,83.014,4.43
26,Virudhunagar,208,Tiruchuli,100645.0,103634.0,14.0,204293.0,,TIRUCHULI,208,TIRUCHULI,101535.0,104131.0,15.0,205681.0,1.0,380.0,86223.0,92852.0,10.0,2553.0,0.0,181638.0,0.0,88.31,388.0,0.0,425.0,180825.0,0.0,89.59607850705368,85.67042575388743,3.93
27,Ramanathapuram,209,Paramakudi,115701.0,117714.0,18.0,233433.0,,PARAMAKUDI,209,PARAMAKUDI (SC),116769.0,118322.0,18.0,235109.0,0.0,501.0,85972.0,100767.0,12.0,3263.0,0.0,190014.0,0.0,80.82,261.0,0.0,710.0,189043.0,2.0,85.60324175544116,74.30532147518171,11.3
27,Ramanathapuram,210,Tiruvadanai,140103.0,141997.0,21.0,282121.0,,TIRUVADANAI,210,TIRUVADANAI,141198.0,142909.0,23.0,284130.0,0.0,266.0,98602.0,119551.0,10.0,2285.0,0.0,220448.0,0.0,77.59,170.0,0.0,354.0,219924.0,0.0,84.1926237878265,70.37822173686502,13.81
27,Ramanathapuram,211,Ramanathapuram,152412.0,157740.0,13.0,310165.0,,RAMANATHAPURAM,211,RAMANATHAPURAM,153584.0,158866.0,13.0,312463.0,0.0,160.0,106892.0,128695.0,5.0,2104.0,0.0,237696.0,0.0,76.07,120.0,0.0,953.0,236623.0,0.0,81.58678838595156,70.13358528199879,11.45
27,Ramanathapuram,212,Mudhukulathur,148105.0,149202.0,3.0,297310.0,,MUDHUKULATHUR,212,MUDHUKULATHUR,149600.0,150100.0,2.0,299702.0,3.0,744.0,106926.0,121388.0,1.0,3058.0,0.0,231373.0,0.0,77.2,0.0,0.0,429.0,230944.0,0.0,81.35815873781853,72.19607710745754,9.16
28,Thoothukudi,213,Vilathikulam,99913.0,103804.0,15.0,203732.0,,VILATHIKULAM,213,VILATHIKULAM,100955.0,104494.0,16.0,205465.0,5.0,483.0,82816.0,89728.0,12.0,2474.0,0.0,175030.0,0.0,85.19,216.0,0.0,642.0,174172.0,1.0,86.43982890832723,82.88811265801247,3.55
28,Thoothukudi,214,Thoothukudi,120614.0,127623.0,63.0,248300.0,,THOOTHUKKUDI,214,THOOTHUKKUDI,121897.0,128841.0,65.0,250803.0,5.0,216.0,97716.0,105009.0,40.0,2227.0,0.0,204992.0,0.0,81.73,280.0,0.0,853.0,203859.0,17.0,82.2806233986037,81.01547084086424,1.27
28,Thoothukudi,215,Tiruchendur,112387.0,118305.0,30.0,230702.0,,TIRUCHENDUR,215,TIRUCHENDUR,113532.0,119499.0,30.0,233061.0,11.0,128.0,87381.0,96353.0,20.0,2568.0,0.0,186322.0,0.0,79.95,272.0,0.0,722.0,185328.0,3.0,81.44457123536621,77.75009565163231,3.69
28,Thoothukudi,216,Srivaikuntam,105099.0,107782.0,4.0,212885.0,,SRIVAIKUNTAM,216,SRIVAIKUNTAM,106078.0,108547.0,5.0,214630.0,5.0,362.0,84320.0,89176.0,4.0,3094.0,0.0,176594.0,0.0,82.28,173.0,0.0,579.0,175842.0,0.0,82.7373772986213,80.22911730844251,2.51
28,Thoothukudi,217,Ottapidaram,117432.0,123502.0,54.0,240988.0,,OTTAPIDARAM,217,OTTAPIDARAM (SC),119629.0,125001.0,56.0,244686.0,0.0,930.0,93245.0,100012.0,23.0,3274.0,0.0,196554.0,0.0,80.33,437.0,0.0,879.0,195238.0,1.0,80.98006510016032,79.40339941412903,1.58
28,Thoothukudi,218,Kovilpatti,116317.0,123673.0,27.0,240017.0,,KOVILPATTI,218,KOVILPATTI,117661.0,124669.0,29.0,242359.0,3.0,699.0,90011.0,101751.0,12.0,2723.0,0.0,194497.0,0.0,80.25,265.0,0.0,593.0,193639.0,6.0,82.27422315299216,77.38421726832708,4.89
29,Tirunelveli,224,Tirunelveli,132511.0,140929.0,80.0,273520.0,,TIRUNELVELI,224,TIRUNELVELI,133987.0,142229.0,80.0,276296.0,8.0,439.0,103881.0,111823.0,63.0,3293.0,0.0,219060.0,0.0,79.28,635.0,0.0,717.0,217708.0,0.0,79.34704709463631,78.39424651538363,0.95
29,Tirunelveli,225,Ambasamudram,109384.0,116318.0,12.0,225714.0,,AMBASAMUDRAM,225,AMBASAMUDRAM,110714.0,117520.0,12.0,228246.0,4.0,368.0,89271.0,99450.0,10.0,2882.0,0.0,191613.0,0.0,83.95,418.0,0.0,1060.0,190135.0,2.0,85.49837514400178,81.6124844584217,3.89
29,Tirunelveli,226,Palayamkottai,123972.0,131141.0,17.0,255130.0,,PALAYAMKOTTAI,226,PALAYAMKOTTAI,125093.0,132387.0,18.0,257498.0,21.0,169.0,84519.0,92797.0,5.0,3740.0,0.0,181061.0,0.0,70.32,441.0,0.0,851.0,179769.0,8.0,70.76124171693063,68.17587842416029,2.59
29,Tirunelveli,227,Nanguneri,125276.0,129130.0,14.0,254420.0,,NANGUNERI,227,NANGUNERI,126747.0,130720.0,13.0,257480.0,3.0,303.0,98912.0,107442.0,8.0,3186.0,0.0,209548.0,0.0,81.38,129.0,0.0,721.0,208698.0,0.0,83.20452257415008,78.9552667709697,4.25
29,Tirunelveli,228,Radhapuram,120458.0,124000.0,22.0,244480.0,,RADHAPURAM,228,RADHAPURAM,121832.0,125455.0,23.0,247310.0,7.0,249.0,92325.0,105228.0,14.0,2879.0,0.0,200446.0,0.0,81.05,515.0,0.0,469.0,199462.0,0.0,84.86129032258064,76.6449716913779,8.22
30,Kanniyakumari,229,Kanniyakumari,141230.0,145643.0,95.0,286968.0,,KANNIYAKUMARI,229,KANNIYAKUMARI,142753.0,146714.0,94.0,289561.0,57.0,694.0,110849.0,124085.0,58.0,4986.0,0.0,239978.0,0.0,82.88,828.0,0.0,825.0,238325.0,0.0,85.19805277287614,78.48828152658784,6.71
30,Kanniyakumari,230,Nagercoil,125873.0,131139.0,10.0,257022.0,,NAGERCOIL,230,NAGERCOIL,127154.0,132197.0,10.0,259361.0,125.0,433.0,91964.0,101342.0,3.0,3236.0,0.0,196545.0,0.0,75.78,265.0,0.0,447.0,195833.0,1.0,77.2783077497922,73.06094237842905,4.22
30,Kanniyakumari,231,Colachal,131885.0,131562.0,1.0,263448.0,,COLACHAL,231,COLACHAL,133550.0,132504.0,1.0,266055.0,66.0,1040.0,91595.0,104579.0,1.0,3536.0,0.0,199711.0,0.0,75.06,698.0,0.0,581.0,198432.0,0.0,79.4902783478512,69.45065777002692,10.04
30,Kanniyakumari,232,Padmanabhapuram,116895.0,117142.0,19.0,234056.0,,PADMANABHAPURAM,232,PADMANABHAPURAM,119087.0,118070.0,3.0,237160.0,38.0,1649.0,83637.0,94077.0,3.0,3930.0,1.0,181648.0,0.0,76.59,1092.0,1.0,615.0,179940.0,0.0,80.3102217821106,71.54882586936995,8.76
30,Kanniyakumari,233,Vilavancode,111990.0,113226.0,3.0,225219.0,,VILAVANCODE,233,VILAVANCODE,114567.0,114127.0,3.0,228697.0,19.0,2039.0,80934.0,90663.0,2.0,3854.0,0.0,175453.0,0.0,76.72,526.0,0.0,828.0,174099.0,3.0,80.07259816649886,72.26895258505223,7.8
30,Kanniyakumari,234,Killiyoor,123143.0,120678.0,16.0,243837.0,,KILLIYOOR,234,KILLIYOOR,125668.0,121606.0,15.0,247289.0,40.0,1930.0,80449.0,94382.0,1.0,3796.0,0.0,178628.0,0.0,72.23,1094.0,0.0,502.0,177032.0,0.0,78.2097814017468,65.32973859659096,12.88
31,Ariyalur,149,Ariyalur,129521.0,131624.0,16.0,261161.0,,ARIYALUR,149,ARIYALUR,130401.0,132739.0,16.0,263156.0,1.0,214.0,111656.0,122325.0,12.0,2049.0,0.0,236042.0,0.0,89.7,184.0,0.0,641.0,235217.0,3.0,92.93517899471222,86.20686992842859,6.73
31,Ariyalur,150,Jayankondam,129713.0,132068.0,12.0,261793.0,,JAYANKONDAM,150,JAYANKONDAM,130779.0,133071.0,12.0,263862.0,0.0,412.0,107758.0,118439.0,7.0,2691.0,0.0,228895.0,0.0,86.75,347.0,0.0,416.0,228132.0,3.0,89.68031620074507,83.07417144002528,6.61
32,Tiruppur,101,Dharapuram,106142.0,114593.0,8.0,220743.0,,DHARAPURAM,101,DHARAPURAM (SC),106903.0,115523.0,8.0,222434.0,7.0,28.0,95384.0,102207.0,2.0,2508.0,0.0,200101.0,0.0,89.96,157.0,0.0,1058.0,198886.0,1.0,89.19131186023579,89.86452111322568,-0.67
32,Tiruppur,102,Kangayam,103784.0,112849.0,13.0,216646.0,,KANGAYAM,102,KANGAYAM,105102.0,114471.0,13.0,219586.0,2.0,33.0,96969.0,104090.0,8.0,2715.0,0.0,203782.0,0.0,92.8,248.0,0.0,706.0,202828.0,2.0,92.23830073815452,93.43347722192246,-1.2
32,Tiruppur,112,Avanashi,110841.0,130498.0,9.0,250348.0,,AVANASHI,112,AVANASHI (SC),121271.0,132093.0,8.0,253372.0,5.0,11.0,110866.0,118593.0,4.0,2485.0,0.0,231948.0,0.0,91.54,348.0,0.0,1563.0,230037.0,0.0,90.87725482382872,100.02255483079368,-9.15
32,Tiruppur,113,Tiruppur (North),152351.0,157662.0,125.0,310138.0,,TIRUPPUR (NORTH),113,TIRUPPUR (NORTH),155095.0,160643.0,125.0,315863.0,8.0,26.0,129098.0,132934.0,71.0,1473.0,0.0,263576.0,0.0,83.45,119.0,0.0,1078.0,262379.0,9.0,84.31581484441399,84.73721865954276,-0.42
32,Tiruppur,114,Tiruppur (South),94579.0,99011.0,24.0,193614.0,,TIRUPPUR (SOUTH),114,TIRUPPUR (SOUTH),96204.0,100876.0,24.0,197104.0,1.0,13.0,87974.0,90722.0,11.0,1222.0,0.0,179929.0,1.0,91.29,115.0,0.0,644.0,179170.0,10.0,91.62820292694752,93.01642013554806,-1.39
32,Tiruppur,115,Palladam,156069.0,166429.0,32.0,322530.0,,PALLADAM,115,PALLADAM,159580.0,170265.0,30.0,329875.0,3.0,26.0,146214.0,152600.0,9.0,2500.0,0.0,301323.0,0.0,91.34,309.0,0.0,1417.0,299597.0,17.0,91.6907510109416,93.68548526613228,-1.99
32,Tiruppur,125,Udumalaipettai,109103.0,119396.0,25.0,228524.0,,UDUMALAIPETTAI,125,UDUMALAIPETTAI,110206.0,120776.0,27.0,231009.0,2.0,33.0,96904.0,104889.0,11.0,2133.0,0.0,203937.0,0.0,88.28,362.0,0.0,1149.0,202426.0,0.0,87.84967670608731,88.81882258049733,-0.97
32,Tiruppur,126,Madathukulam,102309.0,110417.0,16.0,212742.0,,MADATHUKULAM,126,MADATHUKULAM,103272.0,111549.0,16.0,214837.0,13.0,28.0,89715.0,96785.0,3.0,1872.0,0.0,188375.0,0.0,87.68,126.0,0.0,911.0,187338.0,3.0,87.65407500656602,87.69023253086239,-0.04
33,Kallakurichi,77,Ulundurpettai,148929.0,148499.0,44.0,297472.0,,ULUNDURPETTAI,77,ULUNDURPETTAI,150496.0,150249.0,44.0,300789.0,0.0,90.0,132309.0,136032.0,27.0,2735.0,0.0,271103.0,0.0,90.13,101.0,0.0,1051.0,269951.0,1.0,91.60465727041932,88.84031988397156,2.76
33,Kallakurichi,78,Rishivandiyam,135202.0,135198.0,51.0,270541.0,,RISHIVANDIYAM,78,RISHIVANDIYAM,136706.0,136884.0,51.0,273641.0,0.0,70.0,119281.0,123850.0,19.0,1856.0,0.0,245006.0,0.0,89.54,211.0,0.0,534.0,244261.0,0.0,91.60638470983298,88.22428662297895,3.38
33,Kallakurichi,79,Sankarapuram,130231.0,132859.0,46.0,263136.0,,SANKARAPURAM,79,SANKARAPURAM,131559.0,134400.0,44.0,266003.0,1.0,52.0,112116.0,120737.0,22.0,2905.0,0.0,235780.0,0.0,88.64,252.0,0.0,383.0,235145.0,0.0,90.87604151769922,86.09010143514217,4.79
33,Kallakurichi,80,Kallakurichi,137049.0,141044.0,69.0,278162.0,,KALLAKURICHI,80,KALLAKURICHI (SC),139007.0,142547.0,68.0,281622.0,0.0,40.0,117866.0,129253.0,41.0,2529.0,0.0,249689.0,0.0,88.66,63.0,0.0,883.0,248743.0,3.0,91.64019738521311,86.00281651088297,5.64
34,Tenkasi,219,Sankarankovil,114876.0,121639.0,17.0,236532.0,,SANKARANKOVIL,219,SANKARANKOVIL (SC),116467.0,122551.0,17.0,239035.0,0.0,953.0,91021.0,101919.0,12.0,4718.0,0.0,197670.0,0.0,82.7,1190.0,0.0,560.0,195920.0,1.0,83.78809427897302,79.23413071485776,4.55
34,Tenkasi,220,Vasudevanallur,110960.0,116396.0,13.0,227369.0,,VASUDEVANALLUR,220,VASUDEVANALLUR (SC),112113.0,117053.0,13.0,229179.0,0.0,622.0,86845.0,99459.0,9.0,3943.0,0.0,190256.0,0.0,83.02,461.0,0.0,637.0,189158.0,0.0,85.44881267397506,78.26694304253785,7.18
34,Tenkasi,221,Kadayanallur,132228.0,135272.0,17.0,267517.0,,KADAYANALLUR,221,KADAYANALLUR,133499.0,136207.0,17.0,269723.0,0.0,503.0,100529.0,118655.0,8.0,3168.0,0.0,222360.0,0.0,82.44,409.0,0.0,527.0,221424.0,1.0,87.71586137559879,76.0270139456091,11.69
34,Tenkasi,222,Tenkasi,136260.0,143223.0,102.0,279585.0,,TENKASI,222,TENKASI,137606.0,144294.0,102.0,282002.0,9.0,378.0,110970.0,120953.0,45.0,3245.0,0.0,235213.0,0.0,83.41,226.0,0.0,673.0,234314.0,2.0,84.45082144627608,81.43989431968296,3.01
34,Tenkasi,223,Alangulam,123739.0,129650.0,19.0,253408.0,,ALANGULAM,223,ALANGULAM,124973.0,130736.0,21.0,255730.0,3.0,273.0,105179.0,112534.0,14.0,3376.0,0.0,221103.0,0.0,86.46,246.0,0.0,982.0,219875.0,0.0,86.79830312379484,85.00068692974729,1.8
35,Chengalpattu,27,Shozhinganallur,262621.0,274254.0,116.0,536991.0,,SHOZHINGANALLUR,27,SHOZHINGANALLUR,270734.0,283128.0,116.0,553978.0,66.0,73.0,218269.0,226974.0,49.0,2076.0,0.0,447368.0,0.0,80.76,73.0,0.0,2079.0,445216.0,0.0,82.76050668358529,83.1117846630696,-0.35
35,Chengalpattu,30,Pallavaram,161197.0,168996.0,24.0,330217.0,,PALLAVARAM,30,PALLAVARAM,164387.0,172613.0,24.0,337024.0,16.0,61.0,138276.0,143530.0,10.0,1952.0,0.0,283768.0,0.0,84.2,91.0,0.0,1602.0,282075.0,0.0,84.93100428412507,85.7807527435374,-0.85
35,Chengalpattu,31,Tambaram,157580.0,166046.0,51.0,323677.0,,TAMBARAM,31,TAMBARAM,160542.0,169588.0,51.0,330181.0,58.0,121.0,135115.0,141856.0,26.0,2039.0,0.0,279036.0,0.0,84.51,227.0,0.0,1512.0,277297.0,0.0,85.43174782891488,85.74374920675213,-0.31
35,Chengalpattu,32,Chengalpattu,178076.0,188267.0,57.0,366400.0,,CHENGALPATTU,32,CHENGALPATTU,181113.0,191719.0,57.0,372889.0,32.0,50.0,157809.0,164229.0,16.0,2039.0,0.0,324093.0,0.0,86.91,83.0,0.0,1395.0,322615.0,5.0,87.23196311621261,88.61890428805678,-1.39
35,Chengalpattu,33,Thiruporur,140991.0,148359.0,51.0,289401.0,,THIRUPORUR,33,THIRUPORUR,143284.0,151114.0,54.0,294452.0,27.0,42.0,128166.0,132610.0,26.0,1831.0,0.0,262633.0,0.0,89.19,224.0,0.0,1248.0,261161.0,0.0,89.38453346274915,90.9036747026406,-1.52
35,Chengalpattu,34,Cheyyur,100103.0,101934.0,18.0,202055.0,,CHEYYUR,34,CHEYYUR (SC),100967.0,103062.0,20.0,204049.0,2.0,51.0,92344.0,93275.0,4.0,2403.0,0.0,188026.0,0.0,92.15,442.0,0.0,783.0,186801.0,0.0,91.5052877352012,92.24898354694665,-0.74
35,Chengalpattu,35,Madurantakam,103943.0,107288.0,64.0,211295.0,,MADURANTAKAM,35,MADURANTAKAM (SC),104522.0,108079.0,65.0,212666.0,3.0,27.0,96955.0,99289.0,45.0,2262.0,0.0,198551.0,0.0,93.36,300.0,0.0,797.0,197454.0,0.0,92.54436656476028,93.27708455595857,-0.73
36,Tirupathur,47,Vaniyambadi,118457.0,121713.0,50.0,240220.0,,VANIYAMBADI,47,VANIYAMBADI,120350.0,122919.0,51.0,243320.0,5.0,780.0,102922.0,108127.0,32.0,1543.0,0.0,212624.0,0.0,87.38,90.0,0.0,624.0,211910.0,0.0,88.83767551535169,86.88553652380189,1.95
36,Tirupathur,48,Ambur,103478.0,109113.0,40.0,212631.0,,AMBUR,48,AMBUR,104747.0,110110.0,41.0,214898.0,15.0,429.0,94511.0,99804.0,33.0,1437.0,0.0,195785.0,0.0,91.11,201.0,0.0,468.0,195116.0,0.0,91.46847763327926,91.33438991863004,0.13
36,Tirupathur,49,Jolarpet,115656.0,118154.0,20.0,233830.0,,JOLARPET,49,JOLARPET,118010.0,119435.0,20.0,237465.0,8.0,1338.0,101356.0,109466.0,12.0,2748.0,0.0,213582.0,0.0,89.94,540.0,0.0,695.0,212347.0,0.0,92.64688457436904,87.63574738880818,5.01
36,Tirupathur,50,Tirupattur,111873.0,113016.0,29.0,224918.0,,TIRUPPATTUR,50,TIRUPPATTUR,113338.0,113985.0,29.0,227352.0,3.0,661.0,99729.0,101356.0,20.0,2158.0,0.0,203263.0,0.0,89.4,338.0,0.0,464.0,202461.0,0.0,89.68287676081263,89.14483387412513,0.54
37,Ranipet,38,Arakkonam,96982.0,102157.0,26.0,199165.0,,ARAKKONAM,38,ARAKKONAM (SC),97891.0,103069.0,26.0,200986.0,4.0,213.0,88750.0,92250.0,23.0,1470.0,0.0,182493.0,0.0,90.8,153.0,0.0,899.0,181441.0,0.0,90.30218193564806,91.51182693695738,-1.21
37,Ranipet,39,Sholinghur,126034.0,130072.0,12.0,256118.0,,SHOLINGUR,39,SHOLINGUR,127210.0,130854.0,12.0,258076.0,3.0,554.0,114605.0,117089.0,7.0,2268.0,0.0,233969.0,0.0,90.66,285.0,0.0,572.0,233112.0,0.0,90.01860508026324,90.93181205071647,-0.91
37,Ranipet,41,Ranipet,119080.0,126719.0,44.0,245853.0,,RANIPET,41,RANIPET,120877.0,128040.0,45.0,248962.0,5.0,718.0,106868.0,112808.0,33.0,1550.0,0.0,221259.0,0.0,88.87,221.0,0.0,1209.0,219829.0,0.0,89.02216715725345,89.74470943903259,-0.72
37,Ranipet,42,Arcot,119107.0,124429.0,29.0,243565.0,,ARCOT,42,ARCOT,121352.0,125406.0,28.0,246786.0,1.0,1467.0,108805.0,114453.0,26.0,2721.0,0.0,226005.0,0.0,91.58,219.0,0.0,656.0,225130.0,0.0,91.98257640903648,91.35063430360935,0.63
38,Mayiladuthurai,160,Sirkazhi,118809.0,120647.0,13.0,239469.0,,SIRKAZHI,160,SIRKAZHI (SC),119650.0,121769.0,13.0,241432.0,2.0,113.0,94395.0,104422.0,8.0,1721.0,0.0,200546.0,0.0,83.07,98.0,0.0,555.0,199893.0,1.0,86.55167554932986,79.45105168800343,7.1
38,Mayiladuthurai,161,Mayiladuthurai,114613.0,117979.0,26.0,232618.0,,MAYILADUTHURAI,161,MAYILADUTHURAI,115519.0,119077.0,26.0,234622.0,20.0,68.0,89534.0,97124.0,19.0,2014.0,0.0,188691.0,0.0,80.42,230.0,0.0,474.0,187987.0,0.0,82.32312530196052,78.1185380366974,4.2
38,Mayiladuthurai,162,Poompuhar,127071.0,130050.0,8.0,257129.0,,POOMPUHAR,162,POOMPUHAR,128012.0,131312.0,8.0,259332.0,22.0,70.0,102364.0,115581.0,6.0,1863.0,0.0,219814.0,0.0,84.76,490.0,0.0,586.0,218738.0,9.0,88.87427912341407,80.55653925758041,8.32
